Size,Bedrooms,Price,ZipCode
3974,5,612282,54321
1660,4,244361,12345
2094,2,284804,12345
1930,1,201250,54321
1895,1,187472,67890
3892,3,548701,12345
2438,2,343536,67890
2969,3,372378,67890
1266,2,153462,09876
2038,2,356585,12345
1130,4,135942,09876
2282,3,411213,12345
2935,4,416582,54321
3971,2,563740,12345
3719,1,583302,12345
930,2,122316,67890
2485,4,463004,12345
1569,3,312386,12345
3191,3,486621,12345
2315,4,354894,54321
3653,3,485187,12345
3233,5,446708,67890
2015,1,293767,12345
1755,1,222501,12345
3124,1,452274,12345
1984,3,334516,12345
1259,3,185724,12345
821,2,161947,12345
3100,2,272482,09876
1547,1,234251,54321
3704,5,642508,12345
1274,2,193056,12345
1882,2,215150,67890
3358,3,579501,12345
2847,5,496766,12345
3547,1,431479,67890
1775,2,224254,54321
2606,5,358653,54321
989,5,218230,12345
3805,1,513789,12345
3534,5,472073,54321
3805,5,562947,12345
1362,5,225851,54321
2699,2,389242,54321
2067,1,291702,12345
3679,5,340671,09876
2328,5,245527,67890
1446,2,170975,67890
2868,1,425629,12345
3688,3,683653,12345
3014,2,469237,12345
2097,1,293268,12345
3235,5,406308,09876
1400,1,220500,12345
3163,1,504177,12345
2861,1,369351,12345
1041,3,150328,54321
2841,1,510472,12345
3624,3,590914,12345
3412,5,511828,12345
3745,3,457203,67890
2163,5,432595,12345
2939,5,288523,09876
2190,3,262666,67890
3803,2,696664,12345
2278,4,240712,67890
3356,1,555325,12345
1575,4,190056,09876
834,1,119719,54321
3053,1,441359,12345
3952,5,593844,12345
2755,1,452756,12345
2385,1,218264,09876
3873,3,589254,12345
1821,4,231403,54321
3413,3,445420,12345
1929,1,234775,09876
2300,5,377128,12345
1502,3,238051,54321
3249,3,446276,12345
3577,2,425743,67890
2379,1,323191,12345
961,5,215002,12345
1001,3,195087,12345
2781,3,281522,67890
1795,5,367214,12345
3117,1,348381,54321
1615,2,273993,12345
1255,3,190352,67890
2075,2,248598,09876
1816,4,306558,54321
3143,1,448971,12345
3567,4,498385,12345
1137,4,173464,12345
1678,4,282073,12345
1876,1,268004,54321
1591,1,176114,54321
3064,5,360624,09876
1563,2,238226,12345
3035,2,373200,54321
1179,5,226005,12345
1292,5,195476,54321
3912,4,699859,12345
1980,5,299316,12345
2862,3,509641,12345
864,2,94963,67890
3368,5,317875,09876
2167,3,377411,12345
1952,3,365341,12345
2827,3,411904,12345
3495,3,424003,54321
2295,4,379793,12345
3934,3,410322,67890
1962,4,241098,09876
2322,4,277260,09876
3440,3,475284,12345
1191,2,146793,67890
2498,3,333052,67890
1218,3,192879,12345
3136,3,441642,54321
1178,2,119402,67890
2596,1,417099,12345
3078,1,409351,12345
3865,4,697862,12345
2888,4,379984,54321
3899,2,553559,12345
2982,5,363210,09876
1000,1,108526,54321
2663,4,345599,54321
1579,1,230576,12345
3777,2,448301,54321
3904,2,697273,12345
3919,5,701308,12345
1302,5,168340,54321
3254,2,547775,12345
2551,4,361670,54321
1604,1,286632,12345
2946,3,439818,12345
3531,5,598015,12345
2695,3,284233,09876
3573,4,474779,54321
2370,5,324803,54321
1760,3,264808,12345
3460,4,611024,12345
2285,1,229956,09876
3490,4,662218,12345
1828,5,285020,12345
1302,2,192182,54321
3614,1,648857,12345
1197,3,168828,67890
1670,5,284343,54321
3642,2,634757,12345
1192,4,216359,12345
1006,2,173498,12345
1838,5,215213,67890
2681,5,368914,54321
3739,2,524138,12345
2284,4,416897,12345
1663,2,227741,54321
3590,5,459459,54321
1363,5,238444,12345
1820,3,359402,12345
895,3,141342,12345
2723,1,284690,54321
2557,5,256574,09876
3332,3,613964,12345
3078,2,473220,54321
3596,4,602678,12345
2478,2,444403,12345
1340,4,205904,12345
1859,3,265231,67890
3372,1,439987,12345
1983,2,227525,54321
2522,2,337984,12345
3957,2,627672,12345
2619,4,473843,12345
3425,3,386744,67890
3529,2,653602,12345
3404,2,426125,54321
2397,1,317050,12345
3860,1,582972,12345
3493,3,586154,12345
1595,3,289450,12345
1851,5,307500,12345
2443,1,386328,12345
2163,5,294961,54321
2781,4,393492,54321
2154,5,443613,12345
2463,2,326759,12345
2329,5,451359,12345
2838,3,454902,12345
2296,4,336207,12345
3037,2,417164,67890
2208,5,371179,12345
2200,4,346331,12345
2106,4,310186,12345
3480,2,491850,12345
3475,5,530576,54321
1772,4,318613,12345
2568,4,494388,12345
2082,1,238082,54321
1509,4,221561,12345
2279,1,210717,67890
2234,5,308619,54321
1448,5,305870,12345
1117,5,183543,54321
2057,3,310519,12345
1483,5,262881,54321
1463,4,271940,12345
2798,2,356837,12345
2431,1,347883,54321
2295,3,255386,67890
1936,5,197021,09876
2653,5,343988,54321
2320,2,360321,12345
3289,2,491302,12345
1363,3,212172,12345
2091,1,279400,12345
3984,5,697183,12345
2436,3,310773,09876
3799,4,658787,12345
3952,4,579565,12345
1498,3,230733,12345
2960,5,327384,67890
801,3,100861,54321
1441,5,233461,54321
3067,2,495851,12345
2389,3,314865,67890
1654,5,305753,12345
2559,3,283886,67890
3232,3,397405,54321
2461,5,436228,12345
1953,5,305963,12345
1876,1,214344,54321
2507,3,391158,12345
3577,4,396153,67890
2495,3,333238,12345
2533,3,458765,12345
2239,5,440053,12345
3094,3,442675,12345
1635,3,223230,12345
1002,4,209486,12345
922,5,134490,54321
1200,3,198500,12345
1566,2,141506,09876
1093,1,130918,54321
3127,4,427772,67890
3731,3,662525,12345
997,2,144123,12345
3829,3,571246,12345
2730,3,307139,54321
3599,5,364402,67890
2991,5,582424,12345
1408,5,268742,12345
1947,2,237168,67890
986,3,190236,12345
3311,1,479846,54321
2594,4,388841,54321
1459,5,161061,67890
3611,5,531415,12345
3802,3,625018,12345
2755,3,351404,54321
3250,2,401176,09876
2169,2,364942,12345
2786,5,545043,12345
2334,3,274500,54321
946,1,115782,09876
3711,4,408174,67890
2534,3,319832,09876
2643,3,361520,12345
1288,2,213005,12345
3776,4,560683,54321
2759,5,345702,67890
2463,3,396041,12345
3398,5,655091,12345
3185,3,373697,67890
3719,5,625425,12345
1440,4,214981,12345
2602,2,385732,54321
3320,4,467795,54321
2769,1,307826,67890
2998,2,376890,12345
2238,4,321104,54321
2434,1,253551,54321
1062,3,134823,54321
2587,3,366651,54321
2991,5,438103,12345
3193,2,439639,12345
1423,3,251632,12345
1816,2,241388,12345
1680,3,222920,54321
2849,5,319008,67890
3744,4,468825,67890
2127,5,280384,67890
3101,1,517395,12345
1252,3,204483,12345
3908,1,498054,12345
1983,1,256433,12345
3862,2,583536,12345
2856,3,444097,54321
3970,1,360149,09876
2482,4,371011,12345
3663,1,472016,12345
3055,4,390467,67890
1954,2,332117,12345
1203,1,151431,67890
2999,5,420912,67890
2901,2,299818,09876
3991,4,537704,12345
2496,2,299651,54321
1427,1,238360,12345
1386,3,209908,54321
2448,3,394283,12345
2243,4,393599,12345
2245,4,319126,54321
903,3,155452,54321
1053,4,157821,67890
3983,2,512791,67890
3357,5,417872,54321
2296,5,415551,12345
898,2,127073,67890
3000,5,401097,54321
2684,1,342869,67890
3761,2,423209,09876
2719,4,381562,12345
1677,2,210869,67890
1137,3,177377,12345
3669,4,699478,12345
1756,3,276690,54321
2504,4,354915,12345
960,5,116609,67890
2403,2,391580,12345
3648,1,523974,12345
1197,4,142343,54321
2100,4,259209,67890
1615,3,167060,09876
2327,5,258962,67890
2719,3,403438,54321
2215,3,412053,12345
1958,5,357013,12345
2018,1,352132,12345
1200,3,152804,54321
1439,3,181843,54321
3904,4,556981,12345
3535,5,474930,67890
1259,2,199195,54321
1754,1,295768,12345
1269,1,227022,12345
1845,5,259461,67890
3597,4,408606,67890
2493,4,292993,67890
2885,5,412711,12345
3077,4,277358,09876
1362,1,227370,12345
3285,1,487311,12345
2599,2,280035,09876
2874,5,494341,12345
1025,3,136624,54321
1597,3,267087,12345
3131,2,398039,54321
3726,2,368027,09876
1759,4,322143,12345
2304,2,296290,54321
1252,2,208483,12345
3867,3,581976,54321
1615,4,311858,12345
1458,2,270186,12345
1346,2,195869,12345
2015,4,278708,12345
3920,5,389664,09876
816,4,144419,12345
2043,3,387502,12345
3005,5,518742,12345
3324,1,423714,12345
1869,4,207746,67890
3365,3,313562,09876
2946,5,498219,12345
2568,4,334696,67890
1860,2,282026,54321
3127,4,598500,12345
3344,1,378073,54321
1101,4,156836,54321
980,5,146477,54321
1406,5,186250,67890
3970,4,731608,12345
1499,5,187085,09876
1792,2,237673,67890
1939,4,331611,12345
990,2,115397,54321
3100,2,401482,12345
1780,3,200375,09876
3775,4,542285,54321
2806,5,416706,12345
1984,2,336211,12345
927,3,147885,54321
2865,4,450329,12345
2616,4,474821,12345
2558,1,376642,12345
3413,1,557608,12345
1369,2,243174,12345
2146,1,391869,12345
2695,2,402750,12345
3533,5,472277,54321
1425,2,165085,54321
3701,1,499755,12345
2486,5,442174,12345
3809,1,565525,54321
954,2,152695,12345
3337,3,458745,12345
2209,4,340496,12345
1584,1,183254,67890
3975,2,420472,67890
1045,5,143495,67890
3910,1,486172,67890
2300,1,240496,54321
2505,4,407592,12345
3606,2,522858,54321
1337,3,208631,12345
2690,5,386344,54321
2641,2,334945,67890
1720,5,278091,54321
3255,1,487575,12345
1324,4,213463,12345
3675,4,551224,54321
2329,3,344158,54321
3750,4,418971,67890
835,1,114778,12345
1484,3,152108,67890
819,2,102872,54321
3168,4,399036,67890
3359,3,361308,54321
1199,1,147949,54321
3501,5,521156,54321
1771,5,220703,67890
2706,1,303442,09876
3318,1,556326,12345
1966,5,303340,12345
1915,3,227111,09876
1633,5,268689,54321
2623,1,322954,54321
3574,4,500856,12345
2782,2,439944,12345
1653,4,252752,67890
850,4,121787,67890
1374,1,190253,12345
1948,5,364637,12345
2997,3,351293,67890
3161,4,522276,12345
3417,5,449380,67890
3152,3,509935,12345
2515,4,381055,54321
1481,3,174016,09876
1637,5,254058,54321
1877,2,255720,12345
3850,5,590835,54321
3291,1,589574,12345
3460,3,477379,12345
3840,2,396472,09876
3111,3,331246,67890
3924,3,561153,54321
2395,4,433687,12345
3851,1,503176,12345
804,3,174290,12345
1926,5,253421,54321
2019,5,276993,67890
1573,4,230841,54321
1676,1,180551,67890
1791,1,238767,12345
3731,5,537276,12345
846,2,157497,12345
3714,4,605210,12345
3670,4,498220,12345
3783,5,346719,09876
3503,5,475844,12345
1068,2,127827,09876
1169,2,205126,12345
1435,1,124589,09876
1929,4,284946,54321
2493,4,228797,09876
2482,5,468026,12345
1456,1,198747,67890
919,4,127055,09876
1630,1,297766,12345
2610,1,447266,12345
1881,5,353556,12345
2774,1,291300,09876
2169,2,266236,54321
1540,2,185572,54321
916,3,156684,12345
2653,5,453815,12345
3638,3,375660,67890
1950,2,284158,12345
2731,3,358504,54321
1812,5,195440,09876
2464,5,426240,12345
1881,1,281592,54321
1433,4,267567,12345
1312,1,181972,54321
3649,5,596153,12345
1919,2,229863,67890
1941,2,276788,12345
1359,1,244162,12345
1287,5,170844,54321
1696,2,236652,12345
2012,5,277419,67890
1503,2,209716,12345
2270,5,303454,54321
1380,3,199236,12345
3637,5,420973,54321
3708,5,530735,12345
3094,1,389874,12345
3947,3,649269,12345
953,4,145610,67890
2479,1,363356,12345
1796,4,261339,67890
3957,2,404197,67890
3544,4,522390,12345
2043,5,260716,54321
1892,4,341007,12345
3918,1,576959,12345
1808,1,219795,67890
2941,4,429517,54321
2573,1,334061,54321
1757,1,283126,12345
3859,4,722066,12345
1252,3,197923,12345
2027,3,239708,67890
3759,2,527876,54321
3065,1,368393,67890
3321,4,464950,12345
3279,1,474593,12345
3188,5,531205,12345
1350,1,206274,12345
2435,1,329250,12345
2112,3,291615,67890
2557,4,342226,67890
1156,1,152136,54321
2870,3,480910,12345
2585,2,468176,12345
3369,3,343147,67890
2581,3,366809,12345
3971,3,418714,09876
3649,1,620524,12345
3609,1,447601,12345
3289,2,405629,09876
2431,5,395344,12345
3616,5,458489,54321
1815,5,255520,54321
2148,2,297836,12345
1315,5,262019,12345
3887,5,617481,54321
3639,3,421026,67890
1135,1,207210,12345
2582,1,297434,09876
3105,3,491213,12345
1296,3,231666,12345
1695,3,279541,12345
3007,1,473473,12345
1651,5,262172,12345
2487,3,283416,09876
2731,2,351091,12345
3537,3,633076,12345
3227,4,581973,12345
2368,3,254694,67890
1756,1,191297,67890
3538,3,549852,12345
2436,4,409942,12345
2091,2,309522,12345
2240,5,383304,12345
1991,3,293652,12345
1866,4,260593,12345
1084,4,168811,12345
3244,2,352037,54321
811,1,144700,12345
2430,3,307379,09876
3346,4,354404,09876
1553,2,207408,54321
2882,5,425753,12345
3574,4,576680,12345
3696,2,495719,12345
889,1,110899,67890
1575,1,283881,12345
3452,4,371936,67890
3817,4,441577,09876
2425,3,315598,12345
3869,2,473123,54321
1217,4,193805,12345
914,3,151221,12345
1416,3,205969,12345
1625,4,255636,12345
2449,1,273045,67890
2316,2,336833,12345
3946,2,643788,12345
1212,1,182150,54321
1528,4,211990,54321
3868,2,530257,12345
3608,4,399549,67890
1475,4,247698,54321
2692,3,433543,12345
3304,1,498479,12345
3767,4,518054,12345
3039,5,379796,67890
3586,1,414796,54321
1922,2,267798,67890
2371,3,434658,12345
1777,2,238454,12345
1808,2,295113,12345
2943,1,403379,12345
2487,2,319701,54321
3510,4,483441,67890
836,2,144339,12345
2348,3,348465,12345
3126,3,450049,12345
3064,5,561357,12345
3714,3,615456,12345
1672,2,264477,12345
2621,3,376580,12345
2096,1,305210,12345
2909,3,537606,12345
1395,4,241948,12345
2703,1,330214,54321
1528,5,284930,12345
2165,4,257653,09876
1196,2,180905,12345
1498,2,211404,12345
3890,2,621494,12345
3024,4,517325,12345
2435,4,316052,67890
1195,4,253618,12345
3292,1,320047,09876
875,1,87474,67890
1064,2,174699,54321
3302,3,425699,54321
2619,2,355890,54321
1517,5,280552,12345
3582,1,463536,54321
1650,4,252382,12345
2190,1,369773,12345
943,4,202016,12345
1684,5,251997,54321
3940,5,478455,67890
3970,1,510675,12345
1195,4,139667,67890
3896,5,586435,12345
3795,2,544496,12345
3738,2,683815,12345
2292,4,425257,12345
1967,1,322049,12345
3416,5,472371,54321
1862,1,190339,67890
2956,2,547767,12345
1865,5,300219,12345
2009,1,198035,67890
3782,3,439335,67890
3245,4,604498,12345
1433,4,284649,12345
1956,3,195704,67890
2038,2,304683,54321
1532,5,250218,12345
1034,4,172174,12345
3505,3,462950,67890
1550,3,292883,12345
3435,2,372171,09876
3880,2,616066,12345
3945,1,505825,67890
1753,4,330949,12345
3339,1,587781,12345
3760,3,447700,67890
2342,5,447570,12345
1997,5,339410,54321
2476,2,337483,12345
1991,5,373597,12345
3017,5,488846,12345
2216,5,298798,54321
3793,3,627240,12345
3642,5,487347,12345
3481,5,579961,12345
2017,5,315903,54321
2340,1,241811,67890
2876,3,446791,12345
2245,2,415853,12345
3186,1,314966,09876
2319,4,370911,12345
2188,3,256043,67890
2656,3,315285,67890
2165,4,281541,67890
1299,4,262774,12345
2480,4,305243,67890
1310,2,179744,67890
1016,5,168016,54321
2124,3,318354,12345
1955,5,366998,12345
2627,5,481976,12345
3941,4,537192,54321
2610,2,283050,54321
3292,1,440382,12345
3723,2,533038,12345
2005,5,323932,12345
3014,2,416602,54321
890,4,97741,09876
1513,1,259613,12345
2681,4,397864,12345
838,1,123987,12345
3997,5,540378,54321
972,1,104007,67890
1452,1,173242,09876
1553,1,201896,12345
2043,2,213842,09876
1881,2,339963,12345
2483,5,351448,54321
3323,1,465254,12345
1255,3,162158,67890
1628,5,264205,54321
1694,1,258451,54321
2184,1,293059,67890
2758,2,400545,12345
3872,5,755378,12345
3234,1,297175,67890
2796,1,346209,12345
3195,5,584344,12345
989,3,154977,12345
1304,5,172839,54321
2014,5,324240,12345
2331,3,372478,12345
1623,5,307939,12345
1728,1,280670,12345
1733,5,200334,67890
1940,3,206824,09876
933,4,169332,54321
2905,5,522588,12345
1484,2,151775,09876
3519,1,532424,54321
3020,1,497993,12345
2652,2,231100,09876
1614,2,158460,67890
1972,5,224796,67890
879,2,124096,67890
3733,4,524199,12345
1002,3,171667,12345
3611,2,395176,54321
2052,2,373860,12345
2499,4,393178,12345
2050,1,274932,67890
2482,1,335454,67890
2355,5,339009,12345
2894,4,351659,67890
2056,3,201265,67890
2349,3,361068,54321
1966,4,341973,12345
2196,3,291724,12345
3503,1,452809,12345
1270,3,212724,12345
3818,3,702742,12345
1835,4,338742,12345
2153,4,411855,12345
3583,3,359464,09876
3631,2,466993,12345
1767,4,266125,67890
1157,5,151753,54321
3819,5,719582,12345
1467,1,145860,09876
1172,3,145935,54321
1831,2,310697,12345
1945,1,266911,67890
2171,3,421055,12345
3523,4,412219,54321
889,5,151716,12345
3545,2,424240,67890
1339,5,271603,12345
3579,4,526687,54321
1668,3,249702,12345
840,4,148439,54321
1539,4,216516,67890
2746,5,514853,12345
3349,2,444226,54321
3806,4,583240,12345
2024,5,295057,67890
1728,2,285426,12345
2836,3,383013,67890
3308,3,462782,67890
3579,1,586248,12345
3599,5,601147,12345
1724,2,229886,12345
3756,4,370958,67890
2381,3,346303,12345
1189,2,148388,54321
2417,5,283733,67890
3730,1,524891,12345
1055,3,148881,54321
1508,2,239416,12345
2638,2,347245,12345
2744,2,268477,67890
3297,5,587469,12345
809,5,167119,12345
3671,5,442034,67890
1597,4,294120,12345
1676,2,202865,09876
1828,3,196078,09876
3990,5,688733,12345
1815,5,365111,12345
2624,2,344852,67890
1173,5,226078,12345
3936,4,664751,12345
2993,4,326505,67890
1023,5,191321,12345
2062,2,285914,67890
3024,2,480135,12345
2602,2,470835,12345
1652,1,249472,12345
862,5,139864,09876
2040,2,280167,54321
3674,4,358011,67890
3642,3,595270,12345
1488,3,237077,12345
2284,2,295637,12345
2433,3,437231,12345
2952,3,357540,54321
3970,1,560526,54321
1310,4,225262,12345
1184,4,133830,09876
1204,1,226824,12345
3670,1,353030,09876
1317,3,237082,12345
1275,5,235743,12345
2800,3,460175,12345
3556,1,631777,12345
2468,4,368050,54321
2693,3,421349,12345
3618,5,679519,12345
2260,3,247043,67890
3894,2,514049,54321
3844,3,524746,67890
3524,1,566189,12345
1513,4,245253,54321
882,4,144630,54321
1968,1,341611,12345
3956,2,719035,12345
3949,1,546515,12345
3304,3,456533,12345
2701,1,412645,12345
2848,1,473164,12345
850,2,112909,54321
1484,3,170463,54321
1516,5,169831,09876
2269,5,331030,67890
1248,4,234737,12345
1680,1,186539,67890
1287,4,162462,67890
2623,2,389688,12345
2881,5,340760,54321
2942,1,253281,09876
3943,2,588534,54321
2374,2,296919,09876
3001,1,395883,12345
1049,2,152721,12345
1473,1,213553,12345
1237,1,157334,54321
2965,3,308710,67890
1570,4,169812,09876
1067,2,154553,12345
2784,2,475913,12345
1877,3,247742,67890
1035,3,160700,54321
1188,3,190174,12345
3837,5,709119,12345
1562,5,240628,67890
2648,5,285098,67890
3248,1,442257,12345
1423,2,228660,12345
3614,4,319055,09876
3766,1,466382,54321
2052,2,332844,12345
3700,2,573044,12345
1377,3,163657,67890
2922,3,480214,12345
1234,1,229414,12345
2950,3,352621,54321
1563,2,271433,12345
3585,3,395868,54321
3653,5,505814,12345
2129,3,295768,54321
2945,2,388327,12345
3645,1,449377,12345
2158,4,321647,12345
3706,3,404152,09876
3282,2,412462,67890
1246,4,206025,12345
2817,4,365153,67890
2131,5,268341,54321
1048,4,132121,09876
965,2,157707,12345
3831,2,522004,54321
2158,3,419277,12345
1819,3,354370,12345
1341,3,130104,09876
1558,4,249329,54321
3977,4,538607,12345
2928,5,559037,12345
2980,3,323668,67890
1596,1,198720,54321
3747,5,509382,12345
937,1,83379,09876
3031,4,528851,12345
2153,5,431992,12345
3632,5,405828,09876
2675,2,455448,12345
3831,4,674709,12345
868,4,132880,54321
3393,5,354961,67890
2900,4,382707,12345
2273,5,237049,09876
1004,2,113139,67890
2973,5,410841,12345
842,4,113432,67890
2706,4,369248,12345
2958,5,556806,12345
1560,5,190293,67890
3695,5,408481,09876
2942,3,488906,12345
2794,4,469874,12345
2735,4,387252,12345
1699,3,266657,12345
1159,5,185835,12345
3747,2,562397,12345
2519,5,314880,54321
1080,5,202076,12345
2687,3,457405,12345
1466,4,197528,67890
892,5,141016,67890
1471,4,238995,12345
2769,1,478612,12345
860,4,133063,54321
3481,2,594052,12345
3922,2,664207,12345
1828,5,229992,67890
2289,4,355355,12345
1403,5,247868,12345
1481,3,219791,12345
3381,2,428328,12345
2228,5,313418,12345
3685,3,336887,09876
3492,5,563257,12345
3080,4,553230,12345
1323,4,203041,12345
3193,4,402968,09876
3917,4,602004,54321
3393,1,613857,12345
2768,3,371914,67890
1901,3,299688,12345
2553,4,346903,12345
2636,1,413726,12345
3944,4,643279,12345
3641,1,631969,12345
3096,4,499153,54321
2894,2,456610,12345
1944,2,244660,54321
3061,5,444936,12345
3086,4,416584,12345
1879,3,312083,12345
3197,5,366603,09876
906,2,175396,12345
3678,4,481477,54321
847,5,187832,12345
1136,4,216855,12345
1849,2,335764,12345
3651,5,517117,12345
2080,2,377779,12345
2855,1,465948,12345
1424,2,149723,67890
2690,4,378721,12345
2076,3,327370,54321
2515,2,326924,12345
3566,3,458962,54321
1102,1,135540,54321
1438,5,261507,12345
855,5,178651,12345
1525,3,184954,67890
1325,5,175485,67890
1273,2,247814,12345
827,3,171108,12345
2925,4,414691,67890
1164,2,184389,12345
3513,2,407278,54321
1325,2,212550,12345
3546,4,620451,12345
2135,1,234105,54321
1682,5,221650,54321
1830,3,246186,12345
1826,1,276028,12345
2446,3,334721,67890
1718,5,206897,54321
3597,4,603901,12345
3210,2,487833,54321
2574,2,270800,67890
2331,4,303543,67890
3653,1,549140,54321
3586,1,645253,12345
2706,3,293648,67890
3886,4,435262,54321
2015,1,265851,12345
2454,4,424173,12345
1284,5,248707,12345
2875,2,401018,54321
1513,2,225251,12345
1862,2,217612,54321
2776,4,304485,09876
2096,4,256069,67890
2054,3,238267,09876
2933,2,294958,09876
925,3,159878,12345
3659,2,434225,54321
1336,3,210230,12345
2992,3,319895,67890
2872,5,395323,12345
2403,3,241257,09876
866,4,123500,54321
1032,3,119164,67890
2956,2,504068,12345
1969,3,298159,12345
2958,1,360030,67890
3075,2,524538,12345
910,1,112667,67890
2293,2,428511,12345
2881,4,324355,54321
1422,4,270003,12345
3595,4,553635,54321
3442,1,500810,54321
3272,5,460261,12345
3460,2,500020,12345
2341,4,344241,12345
3539,2,478123,54321
2105,1,293883,54321
2561,5,304640,67890
2775,1,358101,54321
3162,2,526674,12345
1676,5,274777,12345
2789,5,529175,12345
2112,1,362926,12345
2260,4,206871,09876
3509,2,423678,67890
3124,3,445549,12345
2533,3,351760,54321
2405,1,326993,67890
2326,2,414363,12345
3471,2,524455,12345
3363,1,473353,12345
3690,2,423563,54321
3197,4,354606,09876
2430,1,264134,54321
3670,4,594275,12345
1960,2,252889,12345
1558,1,171180,67890
3746,2,389149,67890
1042,1,160096,54321
3390,2,481843,54321
1863,4,290191,12345
1028,4,128235,67890
3395,2,399229,67890
1719,1,235420,12345
2046,3,249333,67890
805,4,181835,12345
1267,4,232925,12345
2555,3,433542,12345
874,2,151300,12345
803,1,151399,12345
2670,2,487441,12345
1445,5,213728,54321
917,4,159584,12345
3728,5,605932,12345
2429,4,353901,12345
3351,4,465988,54321
2821,5,481203,12345
1746,5,274239,12345
3421,2,347817,67890
2264,5,297601,67890
993,2,144286,67890
1646,2,267379,12345
3562,2,587943,12345
2215,4,292896,54321
3897,4,643961,12345
2258,5,368742,12345
3020,4,512001,12345
2468,5,257147,67890
3173,4,513026,12345
2233,1,209765,09876
1941,1,208149,67890
3683,5,704669,12345
2610,4,288381,67890
1523,4,206019,54321
1024,2,127930,67890
1331,3,254418,12345
912,5,130419,67890
2987,3,527035,12345
1358,3,176375,09876
2848,5,430978,12345
2937,4,454870,12345
1453,5,188823,67890
1119,3,164423,67890
2373,4,271925,54321
2628,1,374852,12345
2717,5,489825,12345
938,5,126358,09876
3692,4,438144,67890
2826,1,330885,67890
3106,1,420213,12345
1701,4,295032,12345
1489,2,198916,54321
2839,5,399163,67890
809,5,166409,12345
1060,3,160720,67890
2742,4,401056,54321
2473,3,318914,12345
3019,3,522839,12345
3745,1,464256,12345
2860,5,466222,54321
1991,3,363968,12345
2419,1,340204,12345
1120,4,131992,67890
2142,3,335407,12345
2436,5,385148,12345
3176,3,471966,12345
3632,4,447455,54321
3624,3,443235,67890
2794,5,421068,12345
3758,1,487223,67890
2743,5,419069,54321
2838,1,432734,12345
1918,2,348065,12345
2404,5,375433,12345
3165,5,432215,12345
1035,4,157021,67890
2769,3,358402,54321
1133,1,186450,12345
2708,1,482070,12345
1175,4,247515,12345
1960,4,291423,54321
3435,3,599350,12345
2370,3,262807,54321
3360,5,472140,12345
2119,2,309197,54321
3765,3,432648,67890
2655,4,422722,12345
2172,3,332574,12345
1672,1,180478,09876
2052,2,281195,12345
3117,5,452810,54321
2651,1,356157,12345
3645,1,381958,54321
2114,2,319062,12345
1524,5,160488,09876
2852,4,397012,67890
3698,5,367046,67890
877,3,107544,67890
3421,1,442835,54321
931,3,162949,12345
1400,4,161774,67890
2572,3,218620,09876
1865,5,388303,12345
2936,3,331110,09876
3249,4,423982,54321
3143,4,420017,54321
2663,4,387478,12345
2118,5,329505,12345
1415,4,270099,12345
3647,1,641864,12345
3269,4,383913,54321
2688,3,487218,12345
1846,3,261796,12345
1374,3,145341,09876
2990,5,423968,12345
1792,3,265889,12345
3512,5,670727,12345
2992,5,498804,12345
2048,4,213388,67890
3854,1,579494,54321
1302,4,199439,67890
2797,4,509397,12345
1620,5,276892,54321
2951,5,425651,12345
3910,3,694165,12345
2770,3,477434,12345
997,4,200956,12345
2469,2,431063,12345
3426,2,501527,12345
3238,3,375829,09876
2002,2,288265,12345
3401,3,495568,12345
2271,5,345445,12345
3886,4,605295,54321
2446,1,342235,12345
2492,4,314443,67890
2112,3,222897,09876
2835,3,521658,12345
1277,4,211781,12345
2054,3,371349,12345
1722,2,260378,54321
1219,2,199476,12345
3004,3,454299,12345
3397,3,580815,12345
1920,2,299402,54321
3868,3,661721,12345
3844,3,544582,12345
1750,4,275590,54321
3136,1,381017,54321
2077,2,253765,67890
3043,4,545577,12345
3445,1,345780,67890
2657,3,387279,54321
1316,3,233055,12345
2458,4,388865,54321
2665,3,366421,12345
3712,5,396845,09876
1941,4,358356,12345
3653,1,374939,54321
2732,4,386104,12345
1614,2,204820,09876
3075,4,456718,12345
2700,3,334896,09876
3063,3,289072,09876
3795,5,586132,12345
2862,5,380088,67890
2894,5,335144,09876
3171,1,501946,12345
3691,5,607322,12345
929,1,137621,54321
894,5,161065,12345
3474,1,516564,12345
3602,4,502255,12345
2755,4,473349,12345
1593,3,240959,12345
2634,1,377440,12345
2916,2,341425,67890
2483,3,247739,67890
810,4,139256,12345
2665,1,364209,54321
3719,5,491860,54321
3397,2,401874,09876
1511,4,277823,12345
2870,3,381627,12345
1614,1,176462,09876
1145,2,109889,09876
3149,1,400990,67890
1162,5,189322,67890
3243,3,513848,12345
3065,1,417664,54321
2988,4,443680,12345
3805,3,582671,12345
1784,4,263168,67890
3840,1,506261,12345
2439,3,358688,12345
1627,4,185500,09876
3530,5,619959,12345
3851,5,403765,09876
1155,1,143219,09876
3855,3,420444,54321
2147,2,318966,12345
3735,3,627422,12345
2663,5,406103,12345
926,4,180534,12345
3977,2,537225,12345
3856,1,322736,09876
1403,2,198078,12345
2728,1,367649,67890
1813,2,296158,12345
850,1,126542,54321
3900,1,368247,09876
3626,2,580988,12345
2230,2,352373,12345
2592,1,389077,54321
3661,5,495416,67890
2436,2,351645,54321
2445,3,332994,12345
3267,4,532793,12345
2005,1,204721,09876
3830,1,454126,09876
3672,4,526919,12345
3872,5,425711,67890
2654,4,409685,12345
1366,2,199847,12345
3218,4,446160,12345
1735,1,309189,12345
2734,4,375984,54321
3508,3,636503,12345
3816,2,662962,12345
2132,4,240376,67890
1001,1,135109,54321
3160,2,345873,54321
916,1,110992,09876
1736,5,287059,12345
1374,3,186280,54321
3091,5,350249,67890
1336,3,190061,54321
2425,4,363898,12345
2922,2,430283,12345
1185,4,183407,67890
1274,3,239922,12345
1217,3,149558,67890
3194,3,421000,54321
3487,1,510866,54321
1738,2,174026,67890
1754,4,285694,54321
1675,4,255065,12345
1562,5,251148,54321
2002,3,252417,67890
2005,3,332996,12345
1463,3,284393,12345
824,4,129105,12345
2790,5,299567,09876
2003,1,316159,12345
1509,2,227175,54321
2679,1,365212,12345
1984,4,366344,12345
3024,3,392737,54321
1084,2,155700,12345
862,4,150716,54321
1802,4,199821,67890
1461,4,200151,67890
3513,2,456386,12345
3003,2,333229,67890
2292,5,326003,54321
3920,5,481807,67890
1766,1,261630,12345
1648,2,218965,54321
1907,2,183854,09876
1488,2,180263,67890
947,5,217371,12345
1141,4,231311,12345
3323,3,448416,12345
1886,5,269580,12345
2524,2,457895,12345
2183,5,382701,12345
3408,1,394423,67890
1126,2,208290,12345
2592,1,308444,54321
2559,2,398583,12345
1789,5,352713,12345
3062,4,522482,12345
3282,3,447877,12345
1751,1,175739,67890
1522,5,176029,67890
2879,4,521819,12345
3517,5,537200,12345
3132,1,386977,12345
1228,3,185903,67890
2300,5,262106,67890
1085,2,126499,54321
3890,4,458900,54321
2865,5,314196,67890
1568,4,257537,12345
3437,2,618633,12345
2194,3,274201,09876
3857,3,449892,67890
993,2,138955,54321
3349,4,449008,54321
1787,5,270889,12345
1936,2,215642,54321
2961,1,441548,54321
2501,4,360153,12345
1746,3,193610,67890
1630,2,191276,67890
2720,3,436199,12345
3772,4,488615,12345
854,3,139450,12345
1599,2,208473,54321
1577,4,282041,12345
2281,1,263805,54321
2701,2,308281,67890
3009,5,519390,12345
2934,2,348667,09876
854,4,105131,09876
2623,2,352626,12345
2001,1,309507,12345
3879,1,432604,09876
1632,5,167621,09876
1112,3,196208,12345
3606,4,469618,12345
2658,4,353591,12345
2807,3,298083,09876
2806,1,396668,12345
3290,1,475215,54321
2590,2,316660,67890
1127,5,224721,12345
3925,5,515874,54321
3608,5,573921,12345
3426,2,325483,67890
3922,5,739999,12345
3854,3,603670,54321
2087,2,246788,54321
2943,3,397886,12345
1911,2,266684,12345
3949,5,681923,12345
2111,3,360402,12345
3991,3,532408,67890
3661,3,475319,67890
3338,2,508397,12345
1251,4,199977,54321
2323,5,358065,54321
964,3,133985,67890
981,4,188998,12345
3316,5,570911,12345
1709,5,303686,12345
3582,3,501000,54321
1622,3,281106,12345
1743,2,299330,12345
2801,4,480325,12345
2854,4,344163,67890
1129,3,212114,12345
1574,5,271406,12345
2998,3,425923,12345
3956,5,533751,12345
946,5,165508,54321
1714,3,298590,12345
2371,1,432546,12345
2108,4,285683,54321
3547,5,562294,12345
881,5,164350,12345
1313,1,131162,67890
2720,2,466820,12345
3662,1,505960,12345
3556,1,565044,12345
2739,5,487560,12345
1545,4,213357,54321
3870,1,564274,54321
2209,2,257426,67890
1506,3,242422,12345
1270,1,232527,12345
3990,1,522642,67890
1195,2,114228,09876
2355,4,334058,12345
3108,1,398473,12345
1604,1,231168,12345
1733,4,338247,12345
2079,2,337219,12345
2557,1,375901,12345
1704,4,256553,67890
1876,1,238522,54321
3787,3,558429,12345
2690,5,510005,12345
2323,3,321116,67890
3701,1,641173,12345
2187,2,285633,54321
2103,5,385366,12345
1392,3,168309,54321
3561,4,591179,12345
3479,2,636548,12345
2906,3,425870,12345
927,4,187989,12345
1535,1,238676,12345
3568,4,398030,54321
3986,3,691128,12345
3373,3,466154,12345
1320,1,180998,54321
3399,4,382414,54321
1036,4,151908,09876
2104,1,247743,54321
2581,4,375015,12345
2101,1,232382,54321
3341,2,404581,09876
2851,3,372858,67890
3513,2,593821,12345
1241,5,237164,12345
2876,5,458392,12345
3980,5,454533,54321
3457,1,404266,67890
1604,4,216536,54321
874,2,179726,12345
3685,2,476890,67890
2975,2,339462,67890
2889,2,393309,12345
2179,5,352646,54321
840,2,128684,12345
3781,4,391898,67890
2881,5,325261,67890
3888,2,512414,54321
2500,1,353464,54321
3845,3,417327,67890
2201,3,309893,12345
1387,3,239767,12345
2422,5,339990,67890
1141,2,175876,12345
2874,5,437000,12345
1445,4,209827,67890
1530,1,209188,67890
967,1,179690,12345
1409,3,257053,12345
3115,3,430910,12345
2572,3,368417,12345
2840,2,420944,12345
3668,4,416146,67890
1254,4,261237,12345
3753,4,674319,12345
2508,4,445910,12345
3769,3,352224,09876
3828,1,676984,12345
1501,3,277668,12345
3481,4,497892,12345
2399,3,365215,54321
929,4,135613,54321
3867,5,522669,12345
2645,1,431614,12345
2186,5,407923,12345
3666,2,394256,54321
1492,3,201484,54321
2194,2,406021,12345
1593,3,280560,12345
828,5,170688,12345
948,4,168046,12345
2119,4,241259,54321
2858,3,418405,12345
3523,4,506450,12345
1936,5,293574,12345
986,4,114831,09876
3654,5,450758,67890
3591,2,516297,12345
2050,5,385154,12345
2133,1,289022,12345
897,1,142604,12345
854,1,109285,12345
3470,3,449199,54321
3511,3,382366,54321
1557,3,226615,67890
1205,5,258284,12345
2916,3,350886,67890
2112,2,212942,67890
2585,1,410116,12345
1550,5,307585,12345
2562,1,347818,12345
3805,3,615028,12345
1164,5,250078,12345
2826,4,426135,54321
1281,2,234298,12345
3048,3,366793,09876
953,3,199400,12345
2324,2,233271,09876
2920,2,471402,12345
3560,4,479545,67890
3143,3,541425,12345
1840,3,357217,12345
2464,1,228642,67890
2040,5,321260,12345
860,5,141668,54321
1738,1,206026,54321
2439,5,374770,12345
2889,2,483329,12345
824,5,120838,67890
1862,5,365965,12345
930,1,132411,54321
2052,4,236546,67890
907,5,175916,12345
971,5,205249,12345
2258,4,316084,67890
901,1,162192,12345
3713,4,673337,12345
3371,1,609828,12345
3122,2,421855,54321
2436,1,436373,12345
3915,2,683455,12345
3664,2,490881,67890
3804,1,470118,12345
1840,3,353126,12345
1129,1,117393,09876
2320,5,355922,54321
811,5,118542,67890
2141,3,343527,12345
1015,2,115056,67890
1138,3,175484,12345
2599,5,385566,12345
3508,3,619721,12345
3952,1,488189,12345
2550,3,282265,67890
2308,2,313964,12345
3221,1,424426,54321
3823,4,407348,67890
1509,5,201986,54321
2023,5,335813,12345
3313,3,457779,54321
1912,1,249992,12345
2091,4,319833,12345
1288,1,120888,09876
2361,5,464578,12345
846,1,133071,12345
1577,4,214629,67890
1839,3,276456,12345
1510,2,205085,54321
1200,1,160309,12345
2617,2,342027,12345
3828,5,616297,12345
3957,3,603509,12345
1049,3,162132,12345
1190,1,149668,67890
1134,3,197898,54321
1428,1,143005,09876
936,1,158832,12345
3730,2,562996,54321
3535,3,521436,54321
2321,1,236507,09876
1626,2,282065,12345
1526,4,201207,54321
2300,2,277587,67890
3441,2,493120,12345
1789,1,181020,67890
3219,5,518020,12345
1734,5,208349,67890
3842,5,450297,09876
1201,2,163798,54321
2266,1,356027,12345
1414,3,212440,12345
2096,2,195202,09876
1982,2,319908,12345
3842,1,694938,12345
3467,4,392414,54321
3035,2,432850,12345
1921,4,373519,12345
930,4,143487,12345
3652,5,689446,12345
1994,1,258246,54321
3783,4,484102,54321
3833,1,449024,54321
982,5,137045,67890
3830,1,402168,67890
1163,2,179248,54321
838,4,178851,12345
3344,1,452310,54321
2172,3,386972,12345
3829,1,441089,54321
1720,4,247017,54321
3569,5,569922,12345
815,5,111168,09876
1292,4,211336,12345
2249,2,314215,54321
1931,2,347014,12345
3741,5,397224,09876
1110,5,194922,12345
1538,4,258700,12345
1345,2,213208,12345
3261,5,561773,12345
1050,2,198924,12345
1558,5,218755,54321
2604,1,393768,12345
2097,3,363336,12345
2431,1,314809,12345
2714,5,316546,67890
3910,3,596409,54321
1613,3,212024,67890
828,5,126714,54321
1757,5,290626,12345
2832,2,468984,12345
1276,5,250825,12345
1117,4,169085,67890
1044,5,125681,09876
1547,4,309070,12345
1496,5,268171,12345
1071,2,193286,12345
2571,4,440054,12345
2062,1,226743,54321
3224,4,599915,12345
1065,2,102250,09876
3773,4,543009,12345
1720,5,223398,09876
1139,5,177458,67890
1188,2,165052,67890
3424,3,445903,54321
2850,5,374692,54321
1965,1,296174,54321
1175,2,137430,54321
2833,4,434838,54321
3171,4,302953,09876
945,1,127735,67890
2781,5,302893,67890
1092,2,144790,67890
1231,1,223180,12345
1504,5,274040,12345
3796,2,643455,12345
2798,4,419463,54321
3432,2,438940,67890
1198,3,237181,12345
3664,2,468206,54321
1763,3,213417,54321
3034,2,385599,12345
2841,3,344348,54321
2628,4,272294,67890
2908,5,483825,12345
1738,3,210177,54321
1509,3,179929,54321
1606,4,232049,12345
2263,3,402986,12345
2125,1,226740,09876
810,4,148477,12345
1885,1,338868,12345
2668,4,367386,12345
3073,3,483561,54321
3411,1,452302,54321
1571,3,197925,54321
2394,4,426124,12345
2407,3,325020,67890
2133,1,317110,12345
1684,1,297824,12345
2189,3,312701,12345
3978,2,557054,12345
1025,4,121953,67890
1624,4,174692,09876
3065,3,437549,12345
1736,2,245794,67890
3600,1,341409,67890
3353,5,359921,09876
3106,5,519368,12345
2711,3,415425,54321
2596,2,490571,12345
853,2,115855,67890
3918,4,743877,12345
1526,1,221112,54321
3536,2,643781,12345
2344,5,437800,12345
3970,1,419979,54321
1843,1,207367,67890
2713,3,379843,54321
2576,2,289153,67890
2396,3,356280,12345
2714,2,361163,54321
3266,4,614440,12345
3537,3,453308,12345
1649,3,249501,54321
2909,5,425278,54321
3063,3,469259,54321
802,2,116676,67890
959,5,170858,54321
1580,3,265602,12345
3991,3,554860,12345
1692,4,240280,54321
2830,3,499889,12345
3960,1,698236,12345
3176,5,572346,12345
1379,1,160769,54321
2733,5,475617,12345
2180,4,259620,67890
2090,3,229122,54321
2440,3,340123,12345
1751,3,191693,67890
3482,5,540478,54321
1787,3,218645,54321
2018,1,237396,54321
1720,3,335369,12345
3585,4,459493,54321
2155,1,271001,12345
969,3,102205,09876
1320,3,145190,67890
2286,2,251323,54321
839,5,146268,12345
2360,1,373296,12345
2218,2,314137,12345
1754,4,285146,12345
1783,5,361672,12345
3995,1,489561,54321
1774,3,332440,12345
837,1,88668,09876
3175,3,481938,12345
2074,5,264229,09876
1999,3,182409,09876
2425,4,277442,54321
1713,3,218804,67890
1253,4,212876,12345
836,5,160640,54321
2511,5,482709,12345
3820,1,557770,12345
1595,4,240709,54321
1772,4,293122,12345
1392,2,218948,54321
1937,2,350092,12345
3911,2,703923,12345
2124,3,312097,12345
3071,2,523794,12345
1117,4,176122,12345
3196,3,446735,12345
2962,5,553531,12345
3545,1,327664,67890
2146,2,398857,12345
2391,5,284979,54321
3911,4,688112,12345
2689,1,283931,67890
2887,5,454752,12345
2796,1,383490,12345
2572,2,345955,54321
2112,4,337802,12345
2085,1,283056,54321
1015,5,171303,12345
3183,2,271872,09876
2939,2,382279,12345
3200,5,522392,12345
3418,5,467928,67890
3663,1,646325,12345
2504,3,270951,67890
3628,2,576322,12345
1162,1,151060,67890
3404,5,518651,12345
2516,1,279793,67890
1993,5,269683,67890
1155,4,172557,12345
990,5,171589,12345
3269,5,462161,12345
1499,5,181110,09876
2854,3,382273,12345
2980,5,436669,12345
1356,2,203851,12345
1625,2,217015,12345
3608,1,402423,54321
1854,3,232805,09876
3382,1,348051,54321
1225,2,156607,67890
3519,2,429580,54321
3210,4,562037,12345
2374,5,427038,12345
2929,2,340467,54321
3203,1,372764,09876
1388,1,163178,67890
2812,5,508284,12345
2347,5,372346,12345
1094,4,241901,12345
2785,3,328193,09876
2047,1,281502,67890
2348,5,308374,67890
3917,1,590054,12345
2490,5,369267,54321
1936,2,348833,12345
2056,1,372056,12345
2864,2,344763,54321
1159,1,203085,12345
3713,3,512615,12345
1499,4,192712,67890
1247,2,135334,67890
3703,5,561749,12345
3212,3,492791,54321
1474,1,198375,12345
1807,2,228853,67890
2149,1,259468,67890
3314,1,321251,67890
3261,1,346272,67890
1385,4,257451,12345
2056,4,305963,12345
2047,5,396964,12345
1793,2,334329,12345
2235,3,247439,67890
1371,3,214524,12345
3182,3,498134,12345
2045,1,343786,12345
2884,4,293530,09876
1788,2,238202,12345
1077,1,145599,54321
2019,4,383044,12345
3763,4,583077,12345
2687,2,403829,12345
1283,2,182411,67890
2065,2,293989,54321
1530,1,192907,67890
3039,5,517123,12345
1840,2,347693,12345
3371,5,384729,09876
1717,1,308182,12345
3248,5,486478,54321
1685,3,223065,67890
3552,5,536044,12345
821,2,97178,67890
1273,1,221322,12345
3991,2,565413,12345
3057,3,494437,12345
3153,2,328409,67890
1503,2,277814,12345
1486,2,155752,67890
1084,4,146696,09876
1515,3,217912,54321
1562,2,186191,54321
2050,2,329231,12345
1747,2,255570,12345
3228,1,458792,12345
3307,4,414344,54321
1830,1,155755,09876
828,4,123800,09876
1706,2,172545,67890
3904,3,483310,67890
3726,5,561093,12345
2926,5,418281,54321
3794,2,420099,67890
3306,1,541337,12345
1369,3,168603,09876
2806,4,499283,12345
2253,2,252590,54321
1537,3,210538,67890
1315,3,135482,09876
2800,4,370605,12345
3970,3,453523,67890
3244,1,401611,54321
838,1,133807,12345
1686,1,211087,67890
3644,3,444940,54321
3004,1,354133,54321
1898,4,259879,12345
3731,3,635890,12345
2623,5,383850,54321
2510,3,389297,12345
1773,4,328974,12345
3955,5,435064,09876
3893,3,504023,54321
2362,1,271995,67890
3696,2,598907,12345
3595,2,589236,12345
1788,1,256900,12345
820,2,119400,12345
3150,2,358898,54321
1668,1,227739,54321
883,1,162498,12345
2482,3,378806,12345
2776,3,384197,12345
2210,1,377276,12345
2330,4,426369,12345
1369,2,168112,09876
1733,3,243845,54321
2780,2,408932,54321
2655,5,358053,12345
3856,1,331589,09876
1592,4,195676,54321
1591,5,229168,67890
2609,5,357643,12345
2094,5,245137,09876
3339,1,379565,67890
3055,3,331455,67890
2407,1,422845,12345
1883,3,264453,12345
3277,5,516304,12345
1784,5,349065,12345
2480,4,260830,67890
1319,3,233792,12345
1390,5,278576,12345
1850,2,339695,12345
2509,4,465907,12345
2835,1,403660,12345
3046,4,373472,67890
3234,2,353047,54321
1148,3,183301,12345
1759,1,231997,12345
2763,1,391442,12345
1492,3,291646,12345
2359,4,316822,54321
1177,5,178875,67890
3746,4,442197,67890
3763,2,432691,67890
1326,5,283471,12345
3581,4,347943,09876
3053,3,383595,67890
3302,2,333343,09876
2059,2,278458,12345
2675,2,278688,09876
2563,5,353082,67890
1320,1,132242,67890
2501,5,369944,12345
1816,4,197184,67890
3803,1,425824,09876
3573,4,517479,54321
1813,1,238369,54321
3348,5,350989,09876
916,2,174786,12345
3233,3,475217,54321
2167,2,378130,12345
1383,5,184208,09876
1194,1,199897,12345
1887,2,251445,54321
3568,5,560695,54321
871,4,140280,67890
1073,3,137832,54321
2813,2,239124,09876
2143,1,260607,09876
1137,4,194773,12345
2189,5,414873,12345
1406,3,228650,12345
965,1,129473,12345
2367,5,293010,54321
2858,5,273689,09876
2124,2,229679,67890
1528,2,242052,12345
3648,1,598540,12345
2843,5,474315,54321
901,2,127520,54321
2215,3,369982,12345
1578,3,196568,67890
1013,5,126189,09876
1911,2,306720,12345
2376,1,221504,67890
3248,1,397145,12345
3435,1,332046,67890
3736,3,495596,12345
3917,2,649941,12345
2495,2,230706,09876
1391,3,269738,12345
2133,1,288871,67890
1909,1,349750,12345
2939,5,564045,12345
3520,4,507157,12345
1513,2,250813,12345
1735,2,208007,54321
2751,2,483394,12345
1041,4,170695,54321
2843,5,443737,54321
801,4,117036,67890
3072,1,520446,12345
3648,1,314063,09876
2568,2,336652,12345
2749,3,473267,12345
3436,2,523450,12345
2963,3,561576,12345
1717,4,259280,12345
3974,1,574449,54321
3041,3,476251,12345
3718,4,665798,12345
889,1,117860,67890
2509,3,463400,12345
2969,2,431630,12345
942,2,179178,12345
3841,2,382262,67890
905,4,140053,12345
1686,2,262819,12345
1227,5,223442,54321
2128,1,269038,54321
2695,4,404156,54321
2794,2,360439,67890
1116,1,159235,12345
2786,3,511515,12345
1434,2,198330,12345
2725,1,483801,12345
2856,5,447921,12345
3621,3,570083,12345
3944,5,527472,54321
3070,1,338595,54321
2239,5,353824,12345
1352,1,139702,67890
1515,1,209031,12345
2087,5,331504,12345
2513,1,320545,54321
2683,2,462952,12345
1907,1,302388,12345
2141,4,405657,12345
910,1,103832,09876
1050,4,155856,67890
3230,1,526796,12345
2854,1,322293,67890
1258,5,192069,67890
1907,2,213697,54321
1007,2,140728,67890
1699,3,316902,12345
821,5,162563,12345
1209,5,210874,54321
1694,2,190436,54321
1314,5,190736,54321
3998,2,431112,54321
1608,5,217852,09876
1673,1,189027,09876
813,2,116416,67890
1770,2,173882,67890
3825,4,403957,09876
3861,5,681784,12345
3883,5,555037,12345
2934,2,487119,12345
3756,1,361243,67890
2360,1,263693,54321
2124,1,244446,67890
2066,5,375478,12345
2969,4,413776,12345
1549,2,162766,67890
1484,3,230409,12345
2727,4,404587,12345
3156,3,454469,12345
1494,4,251789,12345
3135,1,379873,67890
1106,5,201914,12345
2789,3,407832,54321
3761,4,660980,12345
1461,5,162435,67890
1348,3,201452,12345
1111,2,179674,54321
3720,4,384094,67890
1882,2,260309,12345
3771,1,351983,67890
2537,2,347360,54321
1554,2,253095,12345
834,4,178848,12345
1244,1,151434,09876
2940,2,328078,67890
2782,5,442244,12345
2030,3,299117,12345
1152,2,123158,67890
1702,1,187391,54321
2155,2,223513,67890
3709,3,499114,12345
2548,1,265456,67890
958,4,173107,12345
2777,1,505284,12345
1756,4,256587,54321
2871,1,349650,09876
1203,3,199618,12345
3652,3,565231,12345
1315,1,162070,54321
3579,2,407072,54321
2187,3,235237,67890
3379,4,479968,67890
1755,4,343096,12345
2999,5,278310,09876
2512,4,264668,67890
3794,5,449392,67890
1407,1,162195,54321
3267,1,356513,67890
2073,1,271000,12345
3988,2,600889,12345
3713,2,389259,67890
2335,5,371452,12345
3425,4,474099,12345
3182,4,380876,67890
2241,1,308663,67890
3779,3,562183,12345
2597,2,348059,67890
1094,2,166404,54321
1554,1,234665,54321
2194,2,292136,67890
985,1,167564,12345
2069,5,405574,12345
1436,4,210989,12345
2091,3,278187,54321
1329,4,237798,54321
2868,4,376593,67890
3758,5,540825,67890
3714,2,529274,54321
1593,3,220113,67890
2947,2,499479,12345
3599,4,628044,12345
1277,1,152744,67890
2422,4,465933,12345
1739,2,313182,12345
1325,4,223954,54321
3181,1,519656,12345
801,5,112017,67890
1174,2,164199,12345
3140,4,591216,12345
3684,2,583788,12345
3852,5,490163,54321
1352,4,211433,12345
3165,4,485144,54321
2325,2,313715,67890
2651,2,310010,09876
1180,1,196317,12345
2446,5,389709,12345
813,1,100907,54321
1303,4,135008,09876
3078,2,363178,09876
2808,4,378727,12345
3955,4,497194,67890
929,3,175503,12345
1637,3,276891,12345
3738,4,699264,12345
2840,2,367415,12345
827,4,170023,12345
2913,3,383351,12345
2052,2,226355,54321
1060,4,190536,12345
2846,5,332839,54321
2272,5,431603,12345
2247,4,383697,12345
1259,2,168531,12345
1100,4,162196,12345
3766,4,517801,54321
3134,3,554796,12345
3881,5,506608,54321
1429,3,247260,12345
1069,3,165452,54321
3439,4,431164,67890
2793,3,397449,12345
2428,5,426709,12345
2601,3,435774,12345
3691,5,536685,54321
1661,3,295470,12345
2080,5,338420,54321
2980,3,352616,54321
2599,3,329891,09876
2506,2,333440,54321
3819,5,557120,54321
3360,5,456997,12345
3160,5,330780,09876
1375,1,177911,67890
3733,3,624440,12345
2803,5,289806,67890
2107,1,330154,12345
3992,2,390166,67890
3978,5,579900,67890
2756,5,511670,12345
3534,1,327386,67890
2820,3,509676,12345
3012,2,545061,12345
3152,5,498347,12345
2455,3,319922,67890
2379,2,360911,12345
2647,4,462746,12345
3003,4,350185,67890
2190,2,323351,12345
2542,1,379261,12345
2725,2,364755,12345
1419,2,255690,12345
2074,1,299682,12345
1756,1,261464,12345
2739,3,340210,09876
3181,3,377923,67890
1768,1,277047,12345
3358,4,626061,12345
2116,4,399715,12345
1843,2,216148,54321
1081,5,203613,12345
3644,2,666353,12345
3872,2,427443,67890
2966,5,459300,12345
1858,1,251175,12345
997,4,113298,67890
3332,2,469047,54321
1882,5,345539,12345
3684,3,566937,54321
1984,2,351422,12345
1808,4,213412,67890
3538,1,442741,12345
2029,2,289257,67890
1835,2,182045,09876
1289,5,156906,09876
1075,3,141746,09876
3540,3,478576,54321
3089,1,418936,12345
2039,4,379806,12345
2074,1,320288,54321
925,2,97104,67890
1016,2,190573,12345
2008,3,207837,09876
3910,4,463454,67890
2046,5,261593,09876
3342,4,465973,67890
3274,2,459888,12345
1718,5,284100,12345
2117,4,296413,12345
2998,4,487784,12345
3231,5,366440,54321
2461,2,285075,67890
1107,4,125467,67890
2159,5,291633,54321
2769,2,362576,12345
3593,5,646579,12345
1691,5,269536,12345
1174,4,193757,12345
3879,2,575969,54321
2833,4,514366,12345
2164,1,299008,12345
928,1,123252,12345
1814,2,260346,54321
2599,5,410075,12345
3516,4,628910,12345
2181,4,365940,12345
1316,2,134844,09876
2318,2,360792,12345
885,1,127451,54321
1998,3,280310,67890
3158,2,339973,54321
1942,3,212697,09876
3274,2,415621,12345
2793,5,443686,12345
2961,5,566728,12345
1102,1,139570,54321
3591,1,643642,12345
1387,3,249866,12345
1786,2,277507,54321
2663,4,392502,54321
1144,1,156375,12345
1613,4,211737,54321
2787,4,367250,54321
3648,2,495181,12345
3872,3,612832,12345
2110,2,243743,67890
2799,1,419829,54321
2477,4,401673,12345
3924,2,678589,12345
2127,2,329725,54321
1892,2,229038,09876
3208,1,361078,54321
1809,3,302202,12345
1503,2,232614,12345
1374,1,155615,67890
2408,4,372084,12345
1912,5,254663,09876
1487,1,152060,09876
3628,5,603072,12345
3432,2,419144,09876
3436,2,440813,12345
1288,1,152637,67890
3818,5,666985,12345
2147,2,295260,12345
3973,4,548414,54321
1293,3,153944,67890
2467,3,447507,12345
2437,2,295747,54321
818,5,172094,12345
3244,2,524572,12345
1800,5,268965,12345
1650,4,254836,12345
2188,5,377220,12345
2154,2,318531,12345
2167,4,366935,12345
1621,1,261361,12345
1254,3,227056,12345
2424,2,271389,09876
3572,2,513760,12345
3936,2,342870,09876
3947,4,524197,67890
1510,1,222457,54321
2990,5,385711,54321
1716,1,192605,67890
3675,4,591595,12345
3452,2,447945,54321
2296,3,331486,54321
2240,2,242039,54321
1104,5,165608,67890
1535,3,210043,12345
3138,2,398743,54321
2763,3,408429,54321
2949,1,441687,12345
2809,4,407614,12345
3714,2,568003,54321
3815,5,534816,67890
3821,1,641847,12345
3689,2,414642,67890
1761,1,239636,12345
3789,5,728039,12345
1826,2,299598,12345
2932,5,545431,12345
3175,3,478121,12345
3663,5,549040,12345
2273,3,326467,67890
3301,2,384277,67890
2747,3,377095,12345
3476,2,477645,12345
1977,2,315035,12345
1464,4,179310,54321
811,2,140839,12345
1956,3,311162,12345
1103,4,140008,09876
3822,4,436263,67890
2563,2,480655,12345
3630,5,532077,12345
842,5,178056,12345
1743,4,195470,67890
3190,2,453571,54321
2149,5,420816,12345
3345,2,434828,67890
3211,2,505232,12345
1690,4,283630,12345
3274,4,592277,12345
1804,1,329777,12345
820,5,189998,12345
1206,5,225200,12345
3466,5,672793,12345
1814,3,256331,12345
1135,2,124626,67890
2638,4,367753,12345
3988,5,594590,12345
1947,1,279449,54321
3246,5,447295,67890
3640,2,472249,67890
2627,2,431291,12345
1514,4,268914,12345
850,3,125184,67890
1123,4,155304,54321
1588,5,303071,12345
940,1,104745,09876
1269,4,238310,12345
1586,3,181829,09876
2625,4,361927,67890
2157,2,258938,54321
2716,5,284464,09876
1763,5,260796,67890
3855,5,630524,12345
1172,5,256431,12345
3341,5,516104,12345
2492,5,392799,12345
3598,1,475857,67890
1979,3,313969,12345
3138,5,512428,12345
2471,3,305972,54321
905,5,130387,67890
2243,4,397907,12345
3517,5,496904,12345
2481,2,445595,12345
801,1,116807,54321
3436,4,497512,12345
3491,4,500395,54321
2937,2,475519,12345
1149,5,198266,12345
2086,1,194447,09876
3979,4,602302,12345
1862,1,309992,12345
3756,4,624116,12345
3006,5,494042,12345
3806,4,564678,54321
3159,4,559477,12345
1244,3,222099,12345
3145,5,576589,12345
1751,2,223880,54321
835,2,118272,67890
1907,5,295170,54321
2275,2,336884,54321
2598,5,431298,12345
2645,2,367631,12345
2208,3,363500,12345
1995,2,304116,12345
2199,4,385730,12345
2508,5,348836,54321
2185,1,318268,54321
3406,1,370655,09876
3738,5,657980,12345
2988,3,359284,54321
3734,2,514679,67890
3989,3,596366,54321
2100,1,357868,12345
3573,5,529652,12345
2043,5,352237,12345
3897,3,528517,12345
1320,3,172779,67890
2606,2,353248,12345
809,4,150921,12345
1783,4,233589,67890
3225,2,363546,67890
2456,4,413015,12345
2460,1,362074,54321
3529,4,486408,12345
3431,2,593878,12345
2999,4,419475,12345
1519,5,190394,54321
1872,3,184006,09876
1658,1,284290,12345
2116,5,279926,54321
2403,5,472766,12345
849,2,125621,54321
3511,3,448697,12345
3378,3,579719,12345
3931,1,381944,67890
3704,2,527553,54321
945,1,131949,12345
1714,4,276155,12345
3840,5,678503,12345
2262,1,411961,12345
3089,5,360705,67890
1380,2,164692,09876
3534,4,490115,12345
2384,2,414051,12345
1282,4,178675,67890
3979,4,564737,12345
2049,5,265984,54321
1472,2,208035,12345
1430,2,168527,67890
3508,1,392795,54321
1461,2,188234,67890
3652,1,499698,67890
3266,3,420672,12345
1787,3,222373,67890
2346,3,293560,67890
1449,2,277095,12345
1768,2,282959,12345
3437,1,532912,12345
1900,4,316910,12345
3356,1,463323,12345
1240,3,150771,54321
1720,1,256545,12345
1569,4,165108,67890
2143,2,345537,12345
2626,1,369557,12345
1062,3,186673,12345
2377,3,324296,12345
3484,2,625328,12345
3306,1,585104,12345
1798,4,282246,12345
1499,2,168946,67890
3149,1,377271,67890
2403,5,340494,12345
2041,3,236418,67890
1925,4,220861,67890
3401,4,625397,12345
3135,4,384911,09876
1990,3,246231,67890
3468,1,530752,12345
1805,2,338609,12345
835,1,156910,12345
1543,2,292882,12345
2564,4,271646,67890
1152,1,158322,12345
2722,4,353739,67890
872,5,131065,67890
3495,4,382720,54321
2176,4,254913,54321
2714,2,490597,12345
1893,5,377182,12345
3272,4,413202,54321
3846,4,701063,12345
1507,5,275731,12345
2604,5,363368,67890
3408,1,420901,54321
3675,2,488679,12345
1755,5,255968,54321
3364,5,414705,67890
3275,3,532024,12345
959,5,180284,12345
2996,2,371575,09876
3623,4,534955,12345
2535,4,362195,12345
2385,4,386844,12345
866,4,127299,67890
3861,3,600911,12345
3228,5,579388,12345
857,4,158495,12345
1141,1,125192,09876
1953,4,358739,12345
3574,5,394751,54321
1995,4,232573,09876
3617,3,661479,12345
3461,2,294463,09876
2032,2,205825,09876
3201,5,451359,67890
2294,2,340346,12345
2621,2,336161,54321
915,1,127716,67890
1461,5,163767,09876
2265,5,321628,12345
3300,2,441542,67890
2668,2,482307,12345
3134,2,477142,12345
1816,3,309741,12345
1110,4,172428,67890
1007,3,192830,12345
3465,5,427175,54321
3293,1,271739,09876
3517,4,555057,12345
1432,1,212811,54321
2902,5,537012,12345
3759,5,715380,12345
3883,1,565443,54321
1456,1,154332,09876
2223,1,279481,54321
2731,5,376530,67890
3827,2,646236,12345
3362,1,518428,12345
2479,4,296591,54321
1036,5,230228,12345
1147,3,189077,12345
3474,3,433175,54321
3975,4,663085,12345
1429,2,241979,12345
2340,1,266684,54321
2803,5,442805,54321
2071,1,196694,09876
1163,5,157229,54321
3168,3,490929,12345
1085,1,123876,09876
948,4,161543,67890
1907,2,334298,12345
3253,4,609566,12345
3825,2,425362,54321
1255,1,136204,54321
2566,1,303309,67890
1599,2,179440,67890
1984,3,295814,54321
1812,5,225833,09876
3631,4,569165,54321
3307,4,476100,12345
2323,4,295774,67890
3585,1,549399,12345
3356,4,361425,67890
1280,5,163434,09876
2486,5,336613,54321
2961,2,379992,54321
3596,1,521366,12345
2401,5,331323,12345
3208,3,517953,12345
1140,1,140601,54321
3617,1,332029,67890
2810,5,372726,54321
3608,3,520464,12345
3816,2,565612,12345
3296,5,353826,67890
2666,3,423831,12345
1634,1,226596,54321
2003,3,263154,67890
2525,1,362366,54321
2489,5,420982,12345
1110,5,154428,67890
1061,4,215961,12345
2242,4,249258,09876
1205,4,226974,12345
2990,5,471581,12345
1141,2,137736,67890
2139,5,395879,12345
3972,3,404384,67890
1043,5,152253,67890
1289,5,173804,67890
811,1,82803,09876
1360,1,192646,12345
841,1,105983,67890
3525,5,642842,12345
1393,2,245434,12345
2252,3,255246,67890
2626,3,490186,12345
2493,2,333422,54321
933,2,124991,54321
3938,3,579203,54321
3878,4,443314,09876
1747,1,294566,12345
872,1,103400,54321
1198,3,150257,67890
2228,2,404121,12345
3425,4,538773,12345
3706,3,524881,54321
929,1,155979,12345
3778,5,695789,12345
2611,2,284027,67890
2801,5,409034,54321
1065,3,104958,09876
2360,1,294675,67890
2785,4,415896,54321
1592,5,246928,12345
3100,4,530363,12345
3669,1,540844,12345
2112,5,212522,09876
963,4,178710,12345
894,4,158618,12345
2605,5,341686,54321
3680,1,534595,12345
1933,4,352014,12345
3183,3,460425,54321
1621,5,288738,12345
1037,2,139518,12345
3228,2,584076,12345
3746,1,459538,67890
3330,3,354638,54321
2760,4,513513,12345
3749,2,430092,54321
1848,1,296369,12345
2476,3,258369,09876
3988,3,607887,12345
3329,1,488641,54321
3764,1,421761,67890
3841,4,390170,67890
1763,1,321150,12345
1336,4,278529,12345
3950,4,497949,67890
2403,5,386277,12345
2779,3,284540,67890
3883,3,502468,67890
927,3,101636,67890
891,5,162927,12345
1342,4,176102,67890
1645,4,210243,54321
2481,1,232781,67890
3836,5,597198,12345
2651,1,347248,12345
3294,5,460201,12345
1189,1,154949,12345
3519,2,398608,54321
2684,3,304586,09876
842,3,167683,12345
1053,4,139988,67890
1883,2,303669,12345
3510,3,461741,12345
3314,4,454297,12345
3134,2,442880,12345
3858,3,405803,09876
2340,1,394891,12345
2753,5,392649,54321
3625,2,533315,12345
3192,4,299947,09876
1441,2,256484,12345
3229,4,487197,12345
1489,2,266896,12345
2076,4,358667,12345
2750,3,475980,12345
1879,1,251922,67890
2286,3,357568,54321
1256,1,167871,54321
1782,3,239722,54321
2930,3,426986,12345
1922,2,361990,12345
948,5,118446,09876
2152,4,240394,67890
1979,4,251747,67890
989,4,117509,67890
1682,1,263080,12345
3110,4,507664,12345
3951,4,595891,12345
1199,2,170603,12345
3611,3,660189,12345
1408,4,275473,12345
2595,5,413647,54321
2438,4,284123,67890
2375,1,300318,67890
3632,1,365442,09876
2948,1,398779,12345
2182,4,325603,12345
2203,2,276536,54321
1619,5,250717,12345
1619,4,328130,12345
1219,2,165232,12345
923,2,149147,12345
1221,4,179341,54321
3934,4,578165,12345
2308,2,311953,54321
2397,2,277202,54321
1567,2,280990,12345
2844,4,436547,12345
3330,2,531286,12345
3366,1,560429,12345
3002,4,422191,67890
2939,1,383494,67890
3829,3,520575,54321
2349,4,372671,12345
3302,3,436110,54321
2564,2,366892,54321
2844,2,511298,12345
3445,5,409950,54321
1309,2,201271,12345
2006,3,294739,54321
1185,2,145311,67890
2397,4,365977,12345
3252,2,367487,67890
3093,5,533908,12345
1541,2,293224,12345
3508,3,371598,09876
3497,3,327524,09876
2711,2,374236,12345
2246,3,306966,12345
1700,3,294633,12345
2912,5,475192,12345
3884,4,407813,67890
3060,5,351708,09876
2809,1,392198,54321
1041,5,197802,12345
3340,2,406140,54321
3185,4,615872,12345
2820,2,278434,09876
972,1,126785,67890
1471,4,218309,54321
963,3,187064,12345
1264,5,263695,12345
3842,2,629810,12345
1296,1,175260,67890
1499,3,292695,12345
3242,5,554638,12345
1502,3,221251,12345
2740,5,329335,67890
3155,4,567772,12345
2591,3,334419,67890
982,3,110368,67890
1428,3,132811,09876
3357,4,575041,12345
2531,1,348882,12345
1345,5,253623,12345
2387,3,414710,12345
1423,4,251119,12345
1393,1,153418,54321
1543,5,246803,12345
2568,4,287759,67890
2259,5,364867,12345
2748,3,369234,54321
3401,1,390912,67890
2868,4,306486,67890
3401,1,322794,67890
3244,3,330929,67890
3472,1,419014,09876
904,1,141812,12345
3039,2,449113,54321
816,1,150872,12345
3991,5,653662,12345
1192,4,240914,12345
1224,2,180224,12345
2976,4,509841,12345
1371,4,218790,12345
2876,3,512457,12345
1920,3,175947,09876
3881,2,665828,12345
1041,3,119037,67890
3079,3,557208,12345
1588,3,160152,09876
1514,4,199242,67890
1558,2,205964,54321
3649,4,453881,54321
1575,5,303557,12345
3573,4,439059,09876
3047,5,318683,67890
3792,1,504308,67890
878,1,119905,54321
3803,5,694954,12345
1655,5,213080,67890
3314,4,521159,12345
3428,5,539088,54321
2239,2,336953,12345
3787,1,388757,09876
3296,1,410026,12345
2934,5,431280,12345
2948,3,408723,54321
1831,3,238202,67890
1644,5,258741,54321
886,2,129702,12345
2890,3,445556,12345
1207,5,162028,67890
3511,2,365772,09876
3888,2,511584,67890
2468,4,453428,12345
947,2,91521,09876
3124,3,567417,12345
1031,3,153580,54321
2750,5,511711,12345
1165,5,186464,12345
2474,2,307624,67890
1235,1,147657,54321
1198,4,215325,12345
2034,1,254765,12345
2214,2,304699,12345
3346,2,367461,54321
3387,1,465799,12345
1362,4,217690,12345
3289,1,449818,54321
2084,5,243761,54321
1572,3,207314,67890
3197,5,377585,54321
2837,3,397521,67890
3367,2,406388,09876
2143,4,235370,67890
2985,1,397549,54321
2373,4,329329,12345
1791,1,217230,09876
3215,5,531484,12345
2046,5,285783,12345
1159,1,171385,12345
1720,4,257201,12345
3176,1,309651,09876
3809,2,525452,54321
3310,5,446447,54321
3793,2,464485,54321
1762,5,277921,12345
2627,5,386373,12345
3683,3,409614,54321
2413,2,315732,67890
2440,2,325403,12345
3016,3,372533,67890
1016,4,178802,12345
1177,2,177681,12345
918,1,155850,12345
989,3,176898,12345
3614,2,403021,67890
1169,4,165767,67890
2601,2,407710,12345
2996,5,380600,54321
1451,1,174281,67890
2682,3,464626,12345
2311,5,316808,12345
1569,4,185250,09876
3221,5,357726,54321
1580,5,164348,09876
2516,4,417449,12345
3007,5,424431,67890
3198,3,573514,12345
2111,2,284767,12345
3739,5,497965,54321
2049,3,347292,12345
1322,2,187806,12345
1321,2,242383,12345
1582,5,315405,12345
3120,3,427869,67890
1735,5,260139,12345
3030,4,440599,12345
2488,2,441097,12345
1287,5,246151,12345
2650,2,398127,54321
1645,3,222449,12345
2971,1,353309,67890
3832,5,641550,12345
3637,5,502821,12345
3261,2,386514,67890
2803,3,350154,67890
2548,4,373563,12345
1485,3,167922,67890
2960,5,519784,12345
3735,4,434131,67890
2969,3,443542,54321
2367,1,285562,54321
2045,2,195895,09876
838,3,168976,12345
3344,3,514219,54321
1579,1,200088,12345
2056,5,373690,12345
3790,2,492787,12345
2996,3,386992,12345
3869,4,463406,54321
3508,3,424657,54321
2727,2,397630,54321
1101,3,211551,12345
3085,1,558938,12345
1446,3,174748,09876
1462,3,242514,12345
3083,4,449079,54321
2559,1,352607,67890
3050,1,380628,67890
1055,3,164106,54321
1397,4,211607,67890
1461,3,219194,12345
1034,3,140405,67890
2168,2,383503,12345
3381,2,614124,12345
3707,4,530956,12345
1569,5,205137,67890
3388,2,559186,12345
1012,5,180230,12345
1262,1,206589,12345
3283,2,306453,09876
1082,2,125322,67890
2286,4,311336,54321
2230,5,330648,54321
887,2,150452,12345
1867,2,300682,12345
1260,4,137717,09876
3125,4,435340,12345
3268,5,445072,12345
2524,1,343401,12345
2176,1,345836,12345
3543,3,625513,12345
1314,2,162407,54321
1502,5,222183,12345
2453,2,347654,54321
2866,5,430882,12345
822,5,187099,12345
3260,5,564851,12345
1853,2,210852,67890
2630,4,385845,12345
2955,2,386034,54321
2104,5,223509,67890
3999,3,452402,54321
1934,1,262503,12345
2983,5,553980,12345
1161,3,210617,12345
2976,4,329114,54321
2699,5,469978,12345
2084,3,243409,67890
1314,5,175982,67890
1248,2,186296,12345
2723,3,435638,12345
3975,2,602620,54321
2306,2,306179,12345
2047,3,310067,12345
2655,1,275475,67890
1673,3,250403,12345
3320,1,323115,09876
3881,5,526675,67890
2228,5,316916,67890
3149,3,448434,12345
3078,5,528224,12345
2554,4,357932,54321
1722,2,277251,12345
3937,2,592827,12345
3784,1,504544,12345
2959,5,497789,12345
1836,1,272222,12345
2216,2,294820,67890
3347,2,575038,12345
3779,5,531804,12345
3445,4,383590,54321
3081,4,377932,09876
3449,5,556118,12345
1113,5,228065,12345
3413,1,357950,54321
3883,5,429081,09876
3056,4,373817,67890
2797,5,443934,54321
1837,1,239835,12345
2456,1,284051,54321
3891,1,573688,12345
3434,1,498264,54321
2578,3,366081,67890
1814,5,249588,09876
1893,2,357912,12345
1924,5,281113,12345
1497,3,174630,54321
2979,1,293423,67890
2204,3,247405,67890
1955,4,368801,12345
1843,4,367637,12345
2729,5,341844,54321
3383,5,571559,12345
1813,2,254457,67890
1026,2,172895,12345
2628,4,271834,67890
2292,1,286736,54321
1621,3,188397,67890
2823,2,459131,12345
1670,2,199794,67890
3252,1,401395,12345
3049,1,462860,54321
2885,5,494072,12345
3789,3,597234,12345
2595,1,470708,12345
987,2,146936,12345
1880,2,174572,09876
1740,4,329774,12345
3891,1,401411,67890
3120,5,385503,09876
3990,3,568770,12345
3430,5,394534,54321
3363,2,524462,12345
1325,5,229361,12345
1135,2,203809,12345
3545,2,386043,09876
1878,2,348817,12345
3347,2,476435,54321
3747,2,428050,54321
3613,4,483588,67890
3383,5,581454,12345
961,4,165031,54321
1393,4,234582,54321
2738,1,359967,54321
3006,1,304221,09876
859,1,106710,67890
3762,3,538733,12345
2701,1,363292,12345
3058,5,520713,12345
1205,4,196648,12345
1463,5,222417,12345
1932,1,240332,12345
1899,3,329999,12345
1341,3,145827,09876
2137,4,400837,12345
1797,5,206465,09876
1940,2,304654,12345
3774,5,485825,54321
1667,1,204844,67890
2866,2,427280,12345
1231,3,237395,12345
1539,4,300648,12345
2173,4,417043,12345
982,3,134388,09876
2960,1,331746,67890
2006,3,327229,12345
3328,1,558716,12345
1969,2,341247,12345
1630,3,305318,12345
2451,1,339988,54321
1936,2,370249,12345
3610,3,450470,54321
1275,4,260258,12345
3610,3,611638,12345
2126,5,333883,54321
1770,3,270870,12345
1819,5,225813,09876
1941,2,268711,67890
2636,3,378594,12345
960,2,173483,12345
3248,2,359364,67890
997,1,126597,09876
2083,2,243993,67890
1459,2,214925,12345
2575,3,257812,09876
1870,3,326733,12345
2810,4,293432,67890
1198,1,130239,09876
2533,2,460072,12345
2382,1,277733,09876
2925,5,417872,12345
2971,2,366322,09876
874,1,149036,12345
2984,4,278552,09876
1401,4,215942,12345
1636,2,172083,67890
2328,5,355453,54321
1299,4,200326,12345
2396,4,361819,12345
937,5,141654,67890
2897,1,461427,12345
2594,4,393082,54321
1772,3,318984,12345
2442,4,222418,09876
2685,1,477375,12345
3101,1,421825,12345
2828,2,448688,12345
3557,3,584547,12345
2700,1,361872,12345
3410,5,656803,12345
3604,3,425251,67890
2249,3,224693,67890
1346,5,238956,54321
1721,4,309429,12345
1380,5,220191,54321
2172,5,383121,12345
2756,4,375842,67890
2803,4,384127,12345
2896,4,418962,12345
3764,4,594973,12345
3945,4,404100,67890
1503,5,303456,12345
3108,2,384792,54321
3203,2,454058,12345
2425,1,223402,67890
1437,2,171322,09876
3590,2,629225,12345
1809,5,301510,12345
3778,4,405308,09876
1440,4,199328,54321
3639,5,618437,12345
3459,2,360828,54321
2661,5,364869,54321
3656,1,587657,12345
2005,4,292126,67890
1485,3,246916,12345
2651,1,450971,12345
987,1,121947,67890
2419,5,479621,12345
2487,2,374963,12345
1784,4,231909,54321
1347,3,201780,67890
3572,1,335263,67890
3773,3,338307,09876
2231,2,226970,67890
1675,2,299339,12345
1417,3,202631,12345
3261,4,454778,67890
2165,2,336561,12345
2043,3,219749,54321
1702,1,211255,54321
962,3,146230,12345
2774,3,308197,09876
1069,5,187962,54321
1431,2,230843,12345
1705,4,162074,09876
2814,4,485823,12345
2441,5,463695,12345
1004,4,173686,54321
1381,3,193530,67890
2379,5,276563,67890
1640,1,220246,67890
2636,2,287163,67890
2051,2,263311,12345
2519,2,334562,67890
2442,3,345183,67890
3443,1,555970,12345
3097,5,472255,12345
1674,5,182275,09876
2264,2,268576,67890
3043,1,401523,67890
1489,1,150075,67890
2810,1,402163,54321
3941,4,476946,54321
3486,4,526776,54321
2222,2,401769,12345
2801,1,312436,67890
1471,1,179537,54321
1971,5,311579,54321
2295,5,336229,54321
1743,2,300216,12345
3046,1,489768,12345
2249,2,306700,12345
3339,5,628257,12345
1695,5,274588,12345
2989,4,373332,09876
2136,2,305550,12345
964,2,181151,12345
3161,1,368971,54321
2868,1,340902,54321
1905,4,298042,12345
2553,3,332211,67890
3831,3,464050,67890
3152,3,574164,12345
2738,2,397071,12345
1170,2,138977,09876
2680,5,359192,67890
1652,2,195651,54321
1183,2,193771,12345
2731,2,429527,12345
3292,4,414174,54321
1224,2,187408,12345
3008,1,495695,12345
1428,1,166188,54321
1694,5,321819,12345
3337,4,475420,67890
3864,1,452948,67890
3174,4,533680,12345
1397,4,148819,67890
3862,5,695839,12345
3136,4,340655,67890
1392,2,241368,12345
2487,4,478344,12345
1372,5,214765,54321
2875,5,525373,12345
3801,5,403971,09876
2890,1,366924,12345
2504,2,435869,12345
3270,1,341891,54321
976,3,179135,12345
1328,2,173824,12345
2433,4,372031,54321
1765,5,199894,67890
2317,3,279461,67890
997,2,116938,09876
3457,1,517051,12345
3689,5,426303,67890
1652,1,251156,12345
2337,2,281560,54321
2869,2,437804,12345
3983,3,398884,09876
1880,4,250573,67890
3937,1,360303,09876
3689,3,518413,67890
897,5,123247,09876
2703,4,296137,67890
1234,3,212612,12345
1436,1,253853,12345
3957,2,498542,12345
1387,5,264574,12345
1143,1,152829,54321
2117,4,260119,54321
2779,4,414056,54321
1370,2,140690,09876
1410,2,137878,09876
2527,5,488190,12345
3090,5,522738,12345
2654,2,476621,12345
3408,2,560454,12345
1759,4,243638,67890
2879,2,419662,54321
3238,3,353425,54321
3124,1,395278,67890
1331,2,167349,67890
1977,5,277045,12345
3230,3,384037,67890
1891,5,290474,12345
2701,3,471935,12345
1683,2,276421,12345
3061,1,549656,12345
2478,5,364905,12345
3223,3,537169,12345
3591,4,418846,54321
3060,2,376678,67890
2926,1,486890,12345
2549,2,438394,12345
3475,4,463931,67890
3451,1,598889,12345
1581,4,159392,09876
3848,2,468694,54321
3527,3,590782,12345
2905,2,459178,12345
3897,2,525237,12345
1680,2,270135,12345
1246,5,227845,12345
2913,4,382563,54321
2583,4,482516,12345
2077,4,278128,54321
2791,5,308424,54321
1867,3,259396,12345
3968,2,695490,12345
2377,3,448033,12345
1811,5,336776,12345
3074,4,346224,67890
1573,2,295176,12345
3526,1,428925,67890
2614,1,456380,12345
3448,3,601821,12345
3226,4,407459,54321
2001,1,228622,67890
2250,3,317645,12345
3556,5,524392,12345
1106,3,178488,54321
1578,3,309901,12345
3351,3,577517,12345
3115,2,400017,54321
807,3,126407,12345
3355,3,364741,54321
1275,2,170473,54321
2120,2,252769,67890
3011,5,387200,67890
1284,4,154620,54321
3943,1,598274,54321
3414,1,368267,67890
1704,3,322969,12345
1358,5,261117,12345
2767,3,280457,67890
3085,1,441408,54321
1927,2,337136,12345
2033,4,266083,67890
3401,5,558000,12345
3675,2,356431,67890
1267,4,179899,67890
3233,5,404880,09876
3622,5,491082,12345
1647,1,193518,54321
3234,2,583130,12345
3724,5,542541,12345
1058,5,208474,12345
1082,4,157489,54321
2449,1,392001,12345
2698,3,420600,12345
839,1,101798,54321
3333,3,333773,67890
3776,2,475511,67890
3067,2,349610,09876
1814,5,343972,12345
3871,2,423643,09876
1412,5,165837,67890
3775,1,469499,12345
2715,2,480561,12345
1487,1,231627,12345
1412,1,204327,12345
3107,2,336983,54321
3837,1,403542,54321
3813,2,415714,67890
3213,2,468309,54321
2581,2,468840,12345
2610,3,362951,67890
3391,1,600711,12345
3496,4,424743,09876
2347,2,369560,12345
2730,1,246542,09876
3661,5,660858,12345
3887,2,537809,12345
1952,2,284860,12345
1374,4,166431,67890
3980,3,473121,67890
2710,3,401642,12345
1812,2,167028,09876
1469,1,186756,54321
1068,5,196269,54321
2083,5,267087,67890
1723,1,303640,12345
1925,2,272777,12345
2329,5,240722,09876
2558,3,282845,09876
2394,1,243020,09876
1046,4,138066,09876
2360,2,413688,12345
2978,1,376435,67890
3200,5,619637,12345
3043,2,301713,09876
2739,3,386647,12345
1729,2,232763,54321
3869,2,422844,54321
3492,3,513491,12345
1026,3,160131,12345
3548,2,395005,67890
1064,3,126200,67890
2195,1,276685,12345
2257,3,290565,67890
1445,3,216502,54321
3058,2,514816,12345
2218,1,364133,12345
2273,4,235802,67890
3790,4,411958,67890
2187,5,267973,54321
2699,3,406081,54321
3304,3,579929,12345
3572,1,483655,12345
2049,4,332269,12345
1781,5,356480,12345
1954,1,263269,54321
1387,3,175680,09876
1275,4,206671,12345
2621,5,398603,12345
1785,2,258629,54321
3003,4,383586,67890
2041,5,287402,67890
989,1,121010,67890
2240,2,300762,54321
1780,5,252894,67890
2498,5,397382,12345
2515,3,384401,12345
3393,4,618163,12345
840,3,113777,54321
3154,2,331592,09876
1742,5,256372,67890
1137,3,230527,12345
2137,4,347577,12345
1898,2,294494,12345
3800,1,659414,12345
3126,3,462559,54321
1695,2,198716,09876
3120,1,312968,09876
3684,3,443505,54321
3467,2,424379,67890
2474,2,375280,54321
3709,3,676840,12345
1730,2,201821,54321
1088,5,177483,54321
1523,3,191661,67890
3740,2,690311,12345
3119,1,510763,12345
2753,1,404435,12345
1889,5,180913,09876
1282,3,232812,12345
1735,2,175811,67890
3095,2,411578,67890
955,1,164278,12345
1870,5,263412,54321
2758,1,307568,67890
3301,1,580156,12345
3048,5,301390,09876
2483,3,356535,12345
923,2,184826,12345
2848,3,374388,67890
1767,4,247658,67890
1654,4,161396,09876
1439,4,188122,54321
3038,5,278609,09876
2402,1,249204,67890
3363,3,438386,67890
1241,2,151077,54321
2744,4,490607,12345
2638,3,259354,09876
2629,4,405159,12345
2990,4,475719,54321
1332,2,194389,12345
3074,5,394450,54321
2136,1,305313,12345
1748,5,267400,12345
2819,3,332274,67890
1259,5,218986,12345
1350,3,211404,54321
1192,3,234790,12345
2587,1,406198,12345
1644,2,217976,12345
3057,1,367579,67890
1938,5,280303,12345
1445,3,164157,09876
3066,4,527563,12345
3254,4,467347,12345
2266,3,406486,12345
2177,1,391333,12345
3735,2,483169,67890
3405,1,359352,67890
3397,3,456214,54321
941,3,189857,12345
3459,2,494106,12345
1300,5,258138,12345
1639,5,159755,09876
3549,2,444394,12345
2482,5,342965,67890
2365,4,422449,12345
2846,5,521936,12345
2330,5,454887,12345
1395,5,216754,12345
2704,4,304531,67890
1080,5,234530,12345
1223,4,143805,67890
3703,2,619305,12345
1069,1,115583,09876
953,2,142908,12345
3461,1,363533,67890
2550,2,301616,67890
1461,1,171814,09876
2767,1,459485,12345
882,3,130803,67890
3794,1,577957,12345
3746,1,527941,12345
2249,3,309894,12345
2098,5,345463,12345
3131,5,292177,09876
1779,3,267631,12345
3020,4,406933,54321
3934,1,484613,54321
3944,1,410377,54321
3610,3,490291,54321
2459,3,410389,12345
2198,4,259416,54321
1432,5,290538,12345
2331,2,207231,09876
1586,5,237866,67890
3790,1,307633,09876
3859,3,698751,12345
1197,4,171680,12345
1943,5,363653,12345
1733,4,288879,12345
2260,5,415329,12345
2652,1,327681,54321
3523,2,453851,12345
3783,4,562626,54321
3312,4,330469,67890
1085,2,168907,54321
1064,4,175872,12345
3167,4,513174,12345
3520,5,612064,12345
3667,5,586104,12345
2936,2,340512,54321
2477,1,421762,12345
2026,4,280934,67890
1620,1,219687,67890
2562,2,318878,54321
3848,2,594661,12345
3181,5,497037,12345
3069,4,337860,67890
840,3,157313,12345
2531,2,370424,12345
867,4,155427,12345
1787,1,268926,12345
2599,5,353233,67890
3361,1,598984,12345
2421,2,342379,54321
2455,2,383792,12345
3998,1,565476,54321
2078,2,258763,67890
1494,4,159887,67890
3887,2,505590,12345
3324,5,450566,12345
1885,4,323354,12345
3728,3,550138,54321
3279,2,392151,54321
2493,2,314611,54321
3115,5,588956,12345
1858,5,292601,54321
1578,1,261787,12345
1293,1,140495,67890
2385,1,314004,12345
2292,5,243639,67890
2590,1,335691,12345
1460,1,207353,12345
2148,3,266496,67890
2127,1,273920,12345
2099,2,214019,67890
2786,5,334710,54321
3860,4,546600,54321
2844,3,479146,12345
2728,5,466657,12345
2147,5,270010,54321
1858,2,278071,12345
1776,1,191702,54321
1281,2,190521,12345
1527,1,272181,12345
3327,1,605861,12345
3936,5,685060,12345
1831,1,328640,12345
1142,3,155435,67890
2247,3,228694,67890
3179,3,606471,12345
3285,5,313684,09876
3021,2,415788,54321
3406,4,325631,09876
1326,1,150625,67890
2696,4,351404,67890
1458,2,226742,12345
2873,2,405973,12345
1619,5,280192,12345
3452,3,380189,67890
1205,3,247642,12345
3079,2,397238,67890
3380,5,552059,12345
2373,5,271263,67890
2611,1,448264,12345
1304,3,199754,12345
978,2,151098,12345
931,4,178579,12345
2646,3,481904,12345
2278,1,226116,67890
3195,5,454910,12345
3387,2,525128,12345
1571,3,186451,67890
2229,4,367617,12345
2923,1,291773,09876
1378,1,140368,09876
3701,3,490193,12345
2315,4,343180,12345
993,1,177965,12345
2807,2,377831,67890
1985,1,230865,54321
3194,4,366537,54321
3798,5,386019,67890
2184,5,371873,12345
2592,3,335155,67890
1910,4,224441,67890
3061,1,418572,54321
2736,1,340675,67890
3420,5,481038,67890
1579,5,239661,12345
1061,2,154076,12345
1529,5,247519,12345
1082,2,198837,12345
2290,1,263262,09876
1161,2,197485,12345
1240,2,145376,54321
2940,3,353716,54321
2444,5,395938,12345
3600,2,379001,09876
1666,1,176435,67890
2247,4,272765,54321
941,2,176751,12345
2114,5,337705,12345
2255,3,367632,12345
3596,1,469273,12345
2675,3,392971,54321
2647,4,294128,09876
2512,2,377784,54321
3500,2,405132,67890
1500,5,264618,54321
1797,2,330812,12345
2896,1,340435,67890
2125,4,419130,12345
1680,3,193132,67890
2013,4,333652,12345
1959,2,263875,12345
1354,3,183957,67890
1203,5,209001,54321
1691,4,233021,67890
3712,3,337596,09876
1401,3,227493,12345
2630,3,305152,54321
1140,1,191755,12345
2768,4,319476,54321
1503,3,223010,67890
1117,4,195545,12345
3465,3,417696,54321
2186,5,314540,67890
3229,5,520287,12345
3080,5,322875,67890
2600,2,341182,54321
2167,3,196025,09876
2372,2,442236,12345
1616,4,285238,12345
1352,2,172134,54321
1655,4,282784,12345
2612,4,234424,09876
3666,4,660998,12345
982,2,146340,67890
3912,3,590317,54321
2374,2,351691,12345
1196,3,196772,12345
2527,3,280583,54321
3626,4,502087,54321
2317,2,371552,12345
1706,3,179989,09876
2156,5,415880,12345
2974,3,421617,12345
800,5,112987,54321
818,2,125036,12345
1383,2,132997,09876
1255,2,168881,12345
3804,3,600560,12345
2836,1,404335,12345
1932,3,233155,54321
3292,3,480895,54321
2752,4,324137,54321
3449,4,602305,12345
2950,3,437353,12345
1787,5,244384,67890
1319,4,265806,12345
1658,3,176749,67890
973,1,155995,12345
2166,5,304679,67890
3852,2,621149,12345
3278,3,391861,54321
1526,3,241926,12345
2510,5,458073,12345
2675,4,490516,12345
3697,4,482078,12345
2481,4,344457,12345
2147,2,267899,54321
1789,5,228409,54321
3486,5,390122,67890
1219,4,169611,54321
1393,4,190151,54321
3332,1,437567,12345
2574,1,463827,12345
3259,3,449025,12345
1735,3,191462,67890
1907,5,290381,12345
1936,5,391991,12345
1131,2,175763,54321
3502,2,607012,12345
2888,1,278109,67890
2593,3,351154,67890
1758,1,263704,12345
904,1,132873,12345
1001,3,185654,12345
3297,2,480817,54321
2642,3,462492,12345
2666,4,381672,67890
2796,4,443286,54321
2089,4,310210,12345
1709,5,288212,12345
1009,2,108771,67890
1362,2,257947,12345
3989,5,418372,67890
3560,1,617440,12345
2363,4,296187,54321
1570,4,190419,67890
3955,1,370245,67890
3301,3,489377,12345
3514,3,638391,12345
1428,2,145617,67890
2428,5,381124,12345
2501,2,318092,12345
1186,3,128790,09876
2735,1,363459,12345
3143,2,437627,12345
3105,4,575479,12345
1904,4,268218,54321
1067,1,130070,54321
3266,3,540113,12345
3082,4,436098,12345
2656,4,401704,12345
2798,5,388014,54321
3833,2,538501,12345
2180,3,247817,09876
2036,2,318934,12345
1373,3,167704,09876
848,4,197414,12345
1950,5,230398,67890
1022,2,164700,12345
3768,4,563501,12345
2231,3,236488,67890
2328,2,312142,67890
2619,2,454034,12345
3124,4,384265,67890
2261,2,300060,54321
1930,5,208881,67890
2481,5,436054,12345
3267,4,478962,54321
3458,3,569044,12345
1174,4,195747,12345
2920,5,393860,67890
2821,1,407726,12345
1853,1,293234,12345
2689,2,349281,54321
2623,2,328559,54321
2274,1,379989,12345
3042,5,585378,12345
1979,2,172269,09876
3694,4,680238,12345
1864,4,272266,54321
3934,5,507226,67890
2870,2,508197,12345
1159,4,132008,09876
3946,2,520506,67890
3407,2,460582,12345
3519,4,405083,54321
2841,1,387095,54321
1941,4,314657,54321
2435,5,342611,67890
2203,3,381297,12345
2743,4,461557,12345
1478,2,219690,12345
3287,2,609618,12345
3780,4,563245,12345
806,3,122065,67890
3268,4,443582,54321
2391,3,337314,54321
1632,3,210819,54321
3406,5,494079,67890
2610,2,415125,12345
1713,2,239557,67890
2811,3,359317,12345
2242,2,245305,09876
2250,1,312251,54321
3854,3,660946,12345
2302,2,348650,54321
925,1,101566,54321
3242,5,433538,12345
1616,2,217648,54321
3728,1,460353,12345
2629,4,497801,12345
1375,4,147038,09876
3172,1,401900,54321
2215,3,219953,67890
1729,3,233677,54321
2263,2,337029,12345
1632,4,199667,54321
1854,3,237450,54321
2448,3,256076,09876
2700,4,510093,12345
2257,5,251163,67890
3684,3,390599,09876
3773,1,571690,54321
2199,2,259067,09876
1242,3,243301,12345
2922,3,370260,09876
1356,5,182085,67890
1978,1,330284,12345
2837,2,251686,09876
1162,3,192206,12345
3295,2,577497,12345
2057,4,294038,54321
2641,3,453398,12345
3109,3,540787,12345
2650,4,291367,67890
2972,5,563490,12345
1710,3,275940,12345
1044,2,160574,12345
1341,1,237855,12345
3332,2,371660,67890
2969,5,395996,67890
2972,1,307674,09876
2372,2,297572,54321
3017,2,523088,12345
923,4,123629,09876
3906,5,448119,67890
3958,4,451628,54321
3493,1,513581,54321
2531,4,237850,09876
1585,5,249214,67890
2843,3,436213,12345
3048,3,385771,67890
3216,1,572186,12345
1596,3,237606,12345
876,4,181879,12345
858,1,148453,12345
3278,5,588499,12345
3485,1,535417,12345
2323,1,312652,54321
2736,2,352704,67890
2956,2,348529,09876
3855,1,648113,12345
2101,3,276689,54321
867,2,116343,09876
3940,5,630903,12345
3152,4,310906,67890
2732,2,303403,67890
3521,1,458337,12345
1164,3,128383,67890
1620,4,191160,67890
2202,2,290474,12345
3190,3,543024,12345
1746,3,246726,12345
3746,3,519544,12345
2377,1,255320,54321
2177,5,264866,54321
2239,3,325041,12345
3980,4,429494,09876
1561,2,290177,12345
1140,4,222430,12345
3789,1,661275,12345
1182,1,133703,54321
1803,4,274907,12345
2356,5,343168,12345
1099,1,189578,12345
938,1,93832,67890
1158,4,149035,09876
1635,1,231264,12345
2322,5,351719,12345
2427,5,411044,54321
2782,5,375038,67890
2103,2,370835,12345
3330,5,382469,09876
1708,5,291935,54321
1934,2,324573,12345
3713,3,571952,54321
2986,1,279167,09876
1795,5,236512,67890
3282,1,536940,12345
3356,4,517111,12345
3120,1,550550,12345
3970,2,721909,12345
2951,1,339181,67890
2037,1,223896,67890
2584,1,294088,67890
3609,3,431475,09876
3634,3,607179,12345
964,4,107754,67890
1798,2,218454,67890
3367,1,417037,12345
2107,1,268244,67890
3364,1,476757,12345
1456,1,169452,67890
3460,3,506995,54321
3011,4,397595,12345
2709,5,330755,54321
2846,2,360356,54321
2911,1,395572,12345
3962,4,595189,12345
1940,5,381197,12345
2689,4,400005,54321
1066,3,153874,67890
2645,5,339198,09876
2508,4,329600,54321
3093,3,337022,67890
3242,4,473585,12345
2310,4,319591,67890
1275,5,242015,12345
1776,3,265542,12345
2007,1,247518,54321
1843,2,299182,12345
2760,5,355541,67890
1357,3,194470,67890
1817,4,302572,12345
2405,3,441519,12345
1682,2,200432,67890
2994,2,387554,67890
1465,1,263651,12345
3467,1,613476,12345
2571,2,280899,54321
3667,5,446960,54321
1663,5,282428,12345
1381,4,248810,12345
3870,1,467179,67890
1494,4,243256,54321
2051,1,177383,09876
3973,2,454404,67890
2410,5,232942,09876
2039,5,388296,12345
3254,2,448276,67890
1198,4,216653,12345
2746,4,322618,54321
1514,3,278099,12345
1503,1,253871,12345
3608,4,417842,67890
3346,2,446196,67890
2514,4,489747,12345
2772,5,402730,54321
3821,1,598336,12345
881,3,151706,12345
1403,1,168679,67890
2770,5,451522,12345
2510,5,262390,09876
2846,5,403996,12345
3619,5,457548,54321
1702,2,197373,54321
1164,3,196710,12345
962,5,182506,12345
3919,5,499251,67890
3358,4,381332,67890
2663,3,416068,12345
915,1,136289,54321
3788,3,589029,12345
3184,3,592666,12345
1680,3,279503,12345
3584,5,617350,12345
1639,5,194977,67890
2994,2,371655,67890
2146,1,249262,09876
3290,4,507451,54321
3684,3,465554,09876
1836,1,218131,54321
1742,1,229561,54321
2524,2,261054,09876
3134,4,429993,54321
3567,3,485267,12345
1937,4,269729,67890
3327,2,401924,09876
821,5,114439,67890
2549,1,297089,54321
1482,3,178231,54321
3753,5,426104,09876
2633,2,383384,12345
3167,4,480959,54321
925,1,156047,12345
1076,3,171342,54321
2799,5,390951,54321
2027,5,289621,12345
3041,1,543797,12345
1495,4,227672,54321
2109,2,400573,12345
856,4,158886,12345
818,4,133450,67890
3111,4,425993,12345
3641,1,585264,12345
912,1,105201,09876
1341,2,235818,12345
3494,4,618982,12345
1378,1,162706,54321
1888,2,267049,67890
824,2,108427,09876
2372,4,214380,09876
2848,3,399279,67890
3758,4,557547,12345
2372,3,403844,12345
940,2,144207,12345
2567,1,465543,12345
1447,5,172450,67890
3035,2,396093,54321
3999,1,593445,12345
1000,2,119165,67890
3998,4,661271,12345
1056,3,165310,12345
1346,2,202673,54321
3041,1,555272,12345
3550,4,642291,12345
3975,5,721179,12345
1601,4,268685,12345
1741,3,207133,67890
1213,4,148980,09876
2814,5,382917,12345
2181,1,397152,12345
1898,2,196158,67890
1709,3,212007,09876
987,5,156683,12345
2815,3,506396,12345
2113,4,230498,67890
2892,3,311131,54321
2930,5,530297,12345
1946,2,239863,54321
1157,2,209145,12345
2351,3,318384,54321
1889,1,207625,54321
3783,3,512795,67890
2480,4,396227,12345
3222,2,545409,12345
961,2,166231,12345
3169,2,383908,67890
1249,1,178637,12345
2297,1,311367,12345
1836,5,325057,12345
3031,3,359145,67890
2958,3,459135,12345
2750,4,469314,12345
3355,2,555820,12345
2113,1,199771,67890
3142,4,403195,54321
3751,4,425202,67890
2038,1,197378,67890
1773,3,177025,09876
1431,2,191124,12345
2390,3,299549,09876
1850,4,336394,12345
3580,2,463674,12345
2388,5,251095,67890
3168,4,564383,12345
3760,3,570519,12345
2493,3,441558,12345
1236,3,209650,54321
3628,1,577076,12345
2356,4,256974,67890
1876,2,250163,67890
2104,3,327269,54321
3573,3,583975,12345
2878,1,316642,09876
3184,2,465001,12345
982,4,176283,12345
3894,5,674544,12345
3391,1,504572,54321
2269,4,396080,12345
3945,5,709914,12345
3881,3,524156,12345
2279,3,330340,12345
2389,2,318400,54321
2387,5,260963,67890
1459,3,189313,67890
959,3,154833,12345
3885,2,671246,12345
3259,4,391765,09876
1811,3,300938,12345
852,1,89442,67890
3255,1,528387,12345
3694,4,470113,09876
1845,5,332171,12345
1853,2,239480,12345
3550,1,327919,67890
3107,1,370252,54321
2028,4,298631,12345
3930,5,586012,54321
2294,5,320435,67890
3623,4,534342,12345
2289,1,327057,12345
1835,2,262173,12345
2750,1,488369,12345
1649,5,242186,54321
1153,1,192219,12345
1898,2,293120,12345
3720,3,619903,12345
2539,1,311980,54321
2264,4,360981,12345
1790,3,302763,12345
2064,4,364069,12345
3865,4,372503,09876
2684,4,373124,12345
2609,1,286848,67890
3967,5,629447,12345
3141,3,523345,12345
3056,2,464089,54321
1911,5,293149,12345
1617,1,151562,09876
2599,4,253865,09876
2760,2,326574,67890
3237,3,411729,54321
3172,5,554404,12345
3787,5,562309,12345
1688,2,185939,09876
2655,1,388507,54321
1980,3,307880,54321
1467,2,276735,12345
1432,4,285444,12345
3424,3,418379,09876
2442,5,373329,12345
936,2,147042,12345
2746,5,387683,12345
2497,5,338174,67890
1227,5,273426,12345
2275,1,230206,67890
3459,5,584183,12345
3758,4,486642,67890
1618,4,243081,67890
2988,3,501548,12345
1906,5,324542,54321
3024,5,475999,12345
997,2,152840,12345
3471,1,401949,67890
2795,3,427301,12345
3538,5,460593,12345
3248,2,551958,12345
1270,1,218993,12345
3065,3,400284,67890
2748,3,410091,12345
1728,5,207137,09876
2810,3,287214,09876
3479,2,444804,12345
3798,3,617022,12345
1705,4,190980,67890
3022,2,391474,12345
822,1,145989,12345
1034,1,136295,12345
3884,5,604936,54321
1924,5,246030,67890
1728,4,336855,12345
1322,1,173660,12345
2608,1,275140,09876
1230,1,134817,67890
1592,1,235715,54321
2429,3,279122,67890
2536,2,359928,12345
1332,2,183377,67890
3826,4,576091,12345
2546,3,334290,12345
2475,1,272235,67890
2116,1,346305,12345
3657,5,365238,09876
1712,5,300047,12345
1924,4,178996,09876
2325,1,246807,09876
2127,4,395921,12345
3718,3,418192,67890
3387,2,504779,12345
1823,1,158502,09876
2376,3,343412,12345
2178,1,216631,67890
2319,5,397658,12345
2481,4,416015,12345
2797,5,552589,12345
1026,2,141655,12345
2059,5,280296,67890
1672,1,216633,54321
1691,5,251879,54321
2278,1,402014,12345
1836,2,259622,12345
3057,5,429655,12345
3588,4,449543,67890
1196,4,136515,09876
1923,4,262001,12345
2878,5,441072,12345
3745,5,550197,12345
1448,5,235247,54321
1128,1,131724,54321
2282,2,264292,67890
1751,4,288470,12345
2805,1,317754,67890
2816,4,439018,54321
3971,1,498449,12345
3468,5,554772,54321
2678,4,451613,12345
1996,5,386734,12345
2572,4,300991,67890
961,3,169004,12345
2551,1,336343,67890
1575,3,257644,54321
2627,1,364004,12345
3121,2,360524,54321
3874,4,522195,54321
1851,2,338266,12345
3173,2,464940,12345
1739,1,284662,12345
1339,3,248763,12345
3335,5,608105,12345
1621,1,255477,12345
2261,5,366748,12345
1888,2,232224,09876
1155,5,240877,12345
1034,3,142109,67890
3074,1,368137,54321
2348,3,306279,67890
2896,3,413937,12345
917,1,88290,09876
2901,3,417881,54321
2473,4,301477,67890
3412,4,592005,12345
1867,4,285406,12345
2900,5,407090,54321
1357,3,227034,12345
3973,1,627525,12345
2615,1,370960,12345
2805,5,427843,54321
3715,1,422894,09876
1197,4,194929,12345
1474,3,170494,67890
1186,1,164144,54321
2958,1,487679,12345
3461,2,388795,09876
2864,2,357542,67890
1683,2,191930,67890
1340,3,219104,12345
970,4,130739,54321
3256,4,462189,12345
1539,4,285073,12345
2201,3,303361,12345
3705,3,507359,67890
3077,2,408539,67890
918,1,163934,12345
3631,5,689341,12345
3312,5,389954,67890
2951,1,515320,12345
3545,2,399803,54321
2795,1,345654,12345
2505,1,429558,12345
2522,5,242949,09876
3022,2,554266,12345
3592,3,596878,12345
2497,5,461590,12345
2244,3,221534,09876
2559,2,323628,67890
2324,1,295228,12345
1464,4,289103,12345
832,4,125581,54321
2902,2,488565,12345
3366,4,399595,54321
3603,3,481580,12345
2859,4,450112,12345
2351,2,268665,54321
1519,2,269507,12345
3402,3,361815,67890
3220,4,477161,12345
1283,4,223225,12345
1772,1,168553,09876
3470,5,554043,12345
1106,2,154100,67890
1256,1,173265,12345
3007,2,326242,54321
1130,1,124052,67890
3623,5,557640,12345
1024,1,122894,67890
3830,2,468810,54321
3576,4,627354,12345
2279,2,243253,54321
3916,3,501906,54321
1882,3,303107,12345
1443,3,264089,12345
1415,3,280960,12345
994,5,181302,12345
1288,4,204454,67890
3004,4,441599,12345
3457,2,294186,09876
2049,1,276922,12345
3259,2,489053,12345
1902,2,215821,67890
1947,2,221529,54321
3318,2,420510,54321
2041,4,316607,12345
1315,1,179023,12345
2425,2,348239,12345
1927,4,252964,09876
1192,2,180394,12345
1430,3,189900,67890
2647,2,363971,54321
3455,2,515184,12345
1779,5,244963,54321
1233,3,148485,67890
3387,1,403557,67890
1077,2,172203,12345
1032,1,147143,12345
2352,3,323250,12345
2394,2,426362,12345
1913,5,279167,54321
3209,4,400169,67890
825,5,164443,12345
3896,5,539626,67890
2217,4,311972,54321
3354,4,528000,12345
3114,4,573807,12345
1260,2,164315,67890
3303,1,322233,67890
1891,1,211059,54321
1806,4,349460,12345
3710,5,667216,12345
2794,3,446661,12345
1290,4,196301,54321
1872,5,246013,67890
3411,5,547263,12345
3973,2,495835,67890
1015,2,117484,54321
2523,1,382564,54321
2392,1,268712,09876
3406,3,558577,12345
958,3,102874,09876
3336,3,467074,12345
1485,3,234663,12345
3641,5,478088,67890
2576,5,302262,09876
2852,1,344959,54321
2643,2,359990,54321
3208,2,422549,67890
3306,4,332522,67890
3095,5,499743,12345
2389,3,321669,67890
2496,3,401477,12345
3793,4,649261,12345
3269,2,515778,12345
2746,3,436408,54321
2862,2,249756,09876
3583,4,477146,54321
1945,2,176113,09876
3124,2,423557,12345
2381,2,267529,67890
3300,3,341277,67890
3445,1,516782,54321
3293,5,521195,54321
3057,2,369882,54321
3561,2,433112,67890
3149,2,370942,67890
2732,1,472642,12345
2557,4,327186,67890
2850,3,373507,12345
1789,1,303650,12345
2341,2,302186,67890
1916,1,295206,12345
3367,1,444959,67890
1292,1,235167,12345
1419,4,253465,12345
3178,5,533692,12345
3180,3,598276,12345
2897,4,333225,67890
2346,4,355393,12345
1662,5,248242,12345
2491,4,472464,12345
2405,1,402350,12345
3119,1,304447,67890
1379,2,266026,12345
2690,4,396722,54321
2075,2,248033,09876
3407,3,372498,54321
3543,1,404286,67890
2655,3,464627,12345
3961,5,653125,12345
3293,1,400485,67890
3864,3,511066,67890
2155,5,284166,54321
1962,3,294717,54321
1156,5,198935,12345
2424,5,379732,12345
3121,1,294104,67890
3890,2,471715,54321
2806,5,448784,12345
3158,5,422428,67890
1669,1,275339,12345
1685,2,265000,12345
2801,4,364080,67890
3001,4,311336,67890
2213,2,259750,54321
2083,3,363967,12345
1419,1,236743,12345
1682,2,251027,54321
1596,4,277065,12345
2972,5,406128,67890
2096,4,252666,09876
1418,5,213290,67890
2634,1,356373,12345
1044,5,161223,67890
3695,2,594687,12345
3297,5,647630,12345
1729,3,251983,12345
2070,2,330155,12345
1319,1,130585,09876
3209,2,509319,12345
807,3,127659,12345
3325,1,279778,09876
2819,4,478156,12345
1294,3,153776,67890
2429,1,326127,12345
3680,5,544518,12345
1862,2,160756,09876
3440,1,617833,12345
986,2,138205,54321
3601,5,643978,12345
2677,1,400281,12345
2940,4,549849,12345
885,3,161269,12345
3915,1,611744,12345
936,5,146099,67890
3268,1,547149,12345
2921,2,468112,12345
2436,1,343492,12345
3018,4,288526,09876
2551,1,272854,09876
3017,3,361353,67890
2587,1,248977,67890
1671,2,255434,12345
3169,1,484560,12345
3303,4,487035,54321
1743,5,209889,54321
2426,1,353129,12345
3637,1,623399,12345
3460,3,390183,09876
3736,4,413739,67890
1148,5,233104,12345
2476,2,291276,67890
1996,1,306517,12345
809,5,204002,12345
3587,2,656445,12345
2261,4,344588,12345
1466,4,235031,12345
3393,5,393818,67890
2322,2,295875,12345
2976,4,334103,54321
1400,5,250631,12345
3452,4,638394,12345
1126,4,177143,67890
1779,4,245134,54321
3251,3,351455,09876
1428,2,122658,09876
2429,5,381949,12345
3565,5,485646,12345
3888,2,492363,67890
1073,2,102824,09876
1484,2,224488,54321
915,2,124738,67890
1660,1,171302,67890
2803,5,418097,12345
1492,1,205731,54321
3962,4,547369,67890
1905,4,283183,54321
3171,5,487637,12345
3808,4,626619,12345
2961,2,429785,12345
2592,1,476439,12345
3929,2,444441,09876
953,4,181921,12345
2700,1,403913,12345
2227,2,362814,12345
2089,5,281238,54321
1114,2,130763,54321
1864,4,293327,12345
904,1,169181,12345
2724,5,483833,12345
2713,1,290992,54321
2016,5,379356,12345
2224,1,206559,09876
3201,4,463149,12345
3863,5,569430,12345
2572,3,324781,67890
2760,1,431309,12345
3580,1,452447,54321
2403,2,414970,12345
1508,5,218181,54321
1450,3,198871,67890
3671,4,341486,09876
1746,2,305900,12345
1460,3,268829,12345
2946,5,519802,12345
3435,3,363718,09876
3129,1,339187,09876
3250,1,416725,12345
1932,2,343198,12345
1499,5,244338,12345
3046,5,450065,12345
2838,3,463313,12345
3174,2,542990,12345
3001,5,355347,54321
1351,1,165443,09876
1204,3,158896,09876
1261,4,232338,12345
2979,1,378906,54321
3638,2,464800,67890
1673,5,275524,12345
883,1,119306,54321
2222,4,413908,12345
3601,4,681368,12345
3475,2,624775,12345
3980,1,547989,12345
1020,3,136254,54321
3400,1,477421,12345
2191,4,357428,12345
911,2,145029,12345
1414,2,163054,67890
2381,3,395538,12345
3771,2,538559,54321
1274,2,188254,54321
3683,2,640001,12345
2713,2,350535,12345
1070,2,115785,67890
3268,4,587923,12345
2720,1,419671,12345
3554,5,453689,67890
2190,2,293582,12345
839,5,157707,12345
2782,5,499481,12345
3036,4,557964,12345
1793,2,248493,67890
2812,5,384844,54321
3383,2,447142,54321
3875,3,510615,67890
1089,3,185697,12345
3280,3,513808,12345
3318,5,617115,12345
3475,3,606824,12345
1078,4,150272,09876
3724,4,395003,67890
1380,5,268540,12345
1662,2,298952,12345
1053,1,142028,12345
980,2,177565,12345
1480,2,208975,12345
1624,2,238502,54321
1499,2,190228,67890
3413,1,344727,67890
2149,3,340437,12345
2180,2,367208,12345
2473,4,346008,54321
3527,5,426629,67890
3238,5,462515,67890
2438,4,262690,09876
2757,2,359082,54321
3956,1,417689,54321
1011,3,202312,12345
2338,5,292660,54321
1183,3,203856,12345
2514,1,432466,12345
1141,5,175845,54321
2638,3,435987,12345
2787,1,385335,12345
1643,3,297328,12345
3909,2,619373,12345
2334,1,408091,12345
1219,3,247448,12345
3598,2,592301,12345
2788,2,473290,12345
2732,1,282627,09876
2649,4,415472,12345
1105,5,235088,12345
3549,1,523691,54321
1668,2,192037,67890
3384,2,401819,54321
1935,1,285425,12345
2234,4,310398,54321
1005,5,138699,67890
1295,3,171859,67890
3918,1,497283,54321
2709,5,350602,67890
3351,5,392091,67890
1845,2,256449,54321
1012,3,205492,12345
1109,1,170975,54321
3508,2,422871,67890
2791,2,355511,12345
3600,4,447821,09876
1071,5,228958,12345
2622,1,378916,12345
3785,1,372640,67890
2879,1,376443,12345
1242,2,184663,12345
3009,4,410157,12345
3614,3,654755,12345
1053,2,179706,12345
1320,3,239572,12345
1776,4,336531,12345
809,5,128070,09876
3573,1,416626,09876
3352,3,616640,12345
3632,2,407666,67890
2383,3,445490,12345
3283,5,570856,12345
1934,1,247600,12345
952,3,114257,09876
2458,5,288701,09876
3764,2,672252,12345
3716,4,553826,12345
3973,2,635486,12345
3600,1,370037,54321
2656,2,320669,54321
2014,2,268341,12345
2552,2,307599,67890
3410,2,599783,12345
1904,1,172053,09876
3336,5,466461,54321
1694,3,248380,12345
1911,4,201514,67890
903,3,119530,67890
3967,3,518670,12345
2714,4,457882,12345
3872,1,321257,09876
1806,4,270260,12345
1206,1,191993,12345
2201,3,366013,12345
966,1,94087,67890
1308,5,182130,67890
2461,4,311416,09876
3160,5,474574,54321
1562,3,235284,12345
1480,4,225705,54321
3324,3,418700,67890
2920,5,398615,12345
1964,3,363268,12345
1381,4,274818,12345
1061,4,187783,54321
2163,3,294713,67890
2131,4,318388,54321
3092,4,354100,09876
2338,3,409137,12345
1360,5,181076,09876
1899,4,257544,67890
2703,4,402922,12345
974,4,117038,09876
2956,4,538901,12345
3030,3,288928,67890
991,5,156644,67890
864,5,144206,67890
3810,1,524249,54321
2297,4,458126,12345
3971,4,556399,54321
2367,1,299267,12345
3711,5,506173,67890
1951,2,210588,67890
2737,2,281007,09876
1168,5,210315,12345
1650,4,195721,67890
842,2,97301,09876
2707,3,310302,67890
3335,3,562760,12345
877,1,157083,12345
3673,5,539707,12345
2624,5,327201,54321
2093,2,290913,54321
1473,4,182889,09876
1500,5,311895,12345
1558,2,206071,12345
2723,2,399418,54321
3575,5,438610,67890
3772,2,404153,09876
1701,1,167653,67890
3736,1,556037,12345
1792,5,248625,54321
1991,4,222645,67890
3186,1,487877,12345
3040,1,522397,12345
2276,5,432365,12345
3130,3,515880,12345
1189,2,146181,67890
1799,1,270621,12345
1324,3,265937,12345
2655,4,448645,12345
2306,3,287828,54321
1458,5,230503,12345
3563,4,504243,54321
1690,4,281234,12345
2281,3,310481,12345
3960,5,728156,12345
3966,1,653434,12345
1251,3,231026,12345
3275,1,412951,12345
2337,3,262465,67890
3893,1,576880,54321
1682,3,308464,12345
1112,4,189628,12345
1639,2,151140,09876
3366,4,449385,54321
1174,1,174619,12345
1250,5,189024,67890
3862,4,545288,67890
1394,2,160109,67890
2033,1,259009,12345
1299,4,258058,12345
1263,3,186775,12345
3995,5,503577,09876
912,1,127772,54321
1835,4,367508,12345
3997,1,355900,09876
3178,3,279803,09876
2724,2,282628,09876
939,4,134714,67890
2224,1,215119,09876
3749,1,675795,12345
3968,1,510489,67890
1316,2,167977,67890
3416,1,454137,12345
2747,5,494492,12345
3693,5,424340,09876
3940,1,583600,12345
2965,5,419306,67890
1687,4,244514,12345
3930,5,591720,12345
3904,1,492188,12345
2141,3,382160,12345
849,4,145621,54321
818,2,113540,54321
1525,1,203990,12345
3044,2,392866,12345
2273,3,327306,12345
3406,2,515872,12345
1251,1,133208,67890
3136,1,431585,12345
1964,3,370299,12345
1907,1,298866,12345
3238,3,550186,12345
1014,3,156548,12345
2349,1,343975,12345
3062,5,371910,67890
927,3,101355,09876
2645,1,256856,67890
1559,5,326442,12345
3251,3,601272,12345
3900,5,445875,54321
2615,4,306384,67890
3185,4,401867,09876
3678,5,515415,12345
3561,3,593815,12345
1160,1,181927,54321
1368,2,197580,67890
2215,1,251589,67890
3065,2,350576,54321
2397,2,224588,09876
2492,3,385532,54321
1001,5,156293,09876
2864,1,303059,09876
3169,5,426613,67890
1317,4,246247,12345
2148,3,372403,12345
2235,3,343050,54321
2141,4,392158,12345
1480,1,175310,67890
2788,4,417067,12345
3953,1,662297,12345
2291,2,270149,67890
1224,3,190898,12345
2768,1,474994,12345
2512,5,465547,12345
3866,5,617476,54321
3234,3,449744,12345
1577,4,221965,67890
2945,4,425365,12345
2626,1,309976,09876
1007,4,173721,12345
2337,3,392881,12345
2459,1,418943,12345
3433,2,502112,12345
3013,4,476832,54321
821,4,178918,12345
953,1,138958,12345
2762,5,325256,54321
1018,4,186242,12345
1468,3,225995,12345
2318,4,327269,67890
3077,2,378813,09876
2867,4,396068,12345
3400,5,545613,12345
1749,4,200909,09876
2995,1,384184,12345
3979,4,398168,09876
1202,5,210852,12345
1395,1,166789,67890
3214,3,544539,12345
2237,1,249023,09876
3649,2,484317,12345
3765,1,538360,54321
1957,3,332631,12345
2542,4,476090,12345
2106,1,240196,67890
872,1,134323,54321
1280,1,152623,09876
1359,1,208695,12345
1544,3,191185,67890
2266,5,445736,12345
899,5,133633,09876
1882,1,228361,09876
3355,3,593731,12345
3105,3,385823,67890
1212,1,120067,67890
1888,2,276072,12345
3442,1,518764,54321
1977,2,296696,12345
2808,1,270975,67890
3113,2,529237,12345
1620,2,281006,12345
3950,1,552120,12345
1461,2,182035,54321
3794,4,448261,67890
1359,5,145954,09876
3764,3,653272,12345
3738,2,532838,12345
2071,2,279638,67890
2613,3,389095,54321
3715,2,614792,12345
1409,3,231974,12345
3261,1,415561,54321
824,4,159072,12345
2828,4,327909,67890
1083,5,203871,54321
2272,2,271397,67890
3728,5,570830,54321
1100,1,148075,12345
1891,4,203097,67890
1830,1,279345,54321
1616,1,260420,12345
882,2,127932,54321
2720,1,421591,12345
3944,4,424020,67890
2893,5,514787,12345
1417,4,164033,67890
3775,2,596582,12345
3109,4,507453,12345
975,3,127607,09876
1989,5,268650,67890
3504,3,468664,12345
1641,3,285740,12345
1169,2,161488,12345
2618,1,295818,54321
2901,3,291016,67890
1489,4,196950,67890
2579,1,274851,54321
2164,4,263583,67890
3998,4,749645,12345
2232,1,372793,12345
1166,1,129048,54321
1443,4,151740,09876
3226,2,400541,67890
872,5,156790,54321
3762,5,424546,54321
2071,2,246729,09876
1659,1,262652,12345
842,4,171564,12345
3224,5,418530,09876
1864,4,265044,67890
3017,2,529863,12345
3059,4,463346,12345
2316,2,377278,12345
2886,1,460074,12345
1168,2,116492,09876
3604,2,578240,12345
950,5,125462,67890
1934,4,282665,12345
2303,5,309521,54321
2259,3,404552,12345
1870,2,257438,67890
1823,3,252404,54321
2398,5,357298,54321
3584,4,488891,12345
2840,5,534689,12345
2189,4,367209,12345
868,4,183777,12345
3146,1,446800,54321
1743,2,215757,54321
1601,5,239751,54321
3143,4,495475,54321
3050,5,424904,12345
860,5,192123,12345
1745,4,344345,12345
3810,3,411570,67890
2137,2,324366,54321
1984,2,368384,12345
1130,1,195801,12345
2351,1,243312,67890
1137,1,127153,67890
2429,2,260379,54321
2127,3,379959,12345
2326,2,419418,12345
2473,2,269458,09876
2161,2,244267,67890
2373,2,308684,12345
3486,3,450438,67890
1074,1,136556,67890
1987,5,392906,12345
3166,1,528610,12345
3436,1,590192,12345
3351,5,593250,12345
3234,2,400216,67890
2793,3,432674,12345
1669,3,242297,67890
3680,1,397931,09876
1814,5,320267,12345
2711,4,384456,12345
1402,2,156377,67890
2599,1,306333,67890
1490,3,177048,67890
1293,5,227438,12345
1289,5,225923,12345
3568,1,396867,54321
3944,4,470242,09876
3356,3,532075,12345
1189,1,126739,09876
1094,4,170535,12345
2192,5,243064,09876
3643,2,454004,54321
3712,3,650606,12345
2517,3,376223,54321
3396,4,479050,12345
1448,1,235795,12345
2673,5,401076,12345
1367,4,277492,12345
3700,2,671063,12345
3617,2,428100,67890
1244,2,179600,54321
1162,4,234685,12345
2970,5,406847,67890
2011,3,294100,54321
1541,1,187557,09876
2841,3,386213,54321
1479,5,288849,12345
3267,3,594000,12345
2442,4,352976,54321
2372,2,404442,12345
2158,5,337324,12345
2939,5,471409,12345
862,3,137255,12345
3359,4,544133,12345
1962,3,319986,12345
2028,3,399985,12345
3619,5,501624,54321
1055,3,176945,54321
934,2,147504,12345
1674,3,315418,12345
1621,2,273212,12345
2935,5,519540,12345
3835,4,568702,12345
1622,2,264782,12345
3874,4,532735,54321
1773,4,259301,54321
3781,2,679603,12345
2577,5,484187,12345
920,1,146343,54321
2437,4,314618,67890
3909,4,548140,67890
2164,5,335347,54321
1807,5,292277,12345
1724,3,274631,12345
1444,5,178959,67890
2832,4,369943,12345
3561,2,320095,09876
3707,1,380348,54321
2868,3,414641,54321
1041,2,167587,12345
3302,1,387043,54321
3810,1,642522,12345
3468,1,596402,12345
3150,2,585500,12345
2419,3,307557,67890
1602,3,217274,54321
1763,1,254301,12345
868,2,138260,12345
1952,1,200551,67890
995,5,139536,67890
2987,3,468320,54321
3130,4,351580,54321
3159,1,426613,12345
1545,5,200244,54321
2488,3,426941,12345
1076,2,111093,09876
860,3,124615,54321
2713,2,364515,12345
2899,2,438227,12345
3000,1,288953,67890
2572,1,399223,12345
2134,3,297870,12345
2637,5,400200,54321
3391,3,541375,12345
1366,4,186915,67890
2371,2,357569,12345
1421,2,168807,67890
2825,1,365593,12345
2000,5,334798,12345
1113,1,132198,67890
3654,4,476493,54321
3695,3,635977,12345
2944,3,527744,12345
3728,5,549775,54321
2036,1,224818,54321
3676,1,390098,09876
936,4,105765,09876
1829,3,274621,54321
3858,1,563013,12345
2956,5,409978,12345
3394,3,511788,54321
3910,4,654682,12345
1461,5,264828,12345
3272,2,413707,12345
3477,4,571145,12345
3108,5,576761,12345
886,1,147811,12345
3312,2,455052,67890
2923,4,417144,12345
3318,1,522478,12345
3261,2,563858,12345
3672,3,486573,54321
3742,1,476190,12345
3573,5,496855,54321
3304,4,366940,09876
2108,2,359324,12345
2500,1,425548,12345
3500,3,602527,12345
3519,4,401078,09876
1294,4,163049,67890
2447,1,273346,67890
2742,3,489007,12345
1868,2,230089,09876
2224,1,288319,12345
1396,2,227695,12345
1249,4,164578,67890
